0  ,22.75  ,0.00
4401  ,21.50  ,-0.00
4651  ,21.50  ,-0.02
4900  ,21.25  ,-0.01
5149  ,21.75  ,-0.01
5399  ,21.75  ,-0.01
5651  ,21.50  ,-0.03
5901  ,21.75  ,-0.05
6150  ,21.50  ,-0.08
6400  ,21.75  ,-0.13
6649  ,21.75  ,-0.18
6899  ,21.75  ,-0.21
7149  ,21.75  ,-0.26
7399  ,21.50  ,-0.29
7648  ,21.75  ,-0.31
7898  ,22.00  ,-0.33
8147  ,21.00  ,-0.37
8397  ,21.75  ,-0.39
8647  ,21.75  ,-0.41
8896  ,22.00  ,-0.45
9146  ,21.50  ,-0.46
9396  ,21.50  ,-0.48
9646  ,21.75  ,-0.49
9895  ,21.75  ,-0.52
10147  ,21.75  ,-0.55
10397  ,22.00  ,-0.58
10647  ,21.75  ,-0.57
10898  ,21.75  ,-0.57
11148  ,21.75  ,-0.59
11398  ,21.75  ,-0.64
11648  ,22.00  ,-0.67
11897  ,21.50  ,-0.72
12147  ,21.75  ,-0.75
12397  ,21.75  ,-0.80
12647  ,21.75  ,-0.82
12897  ,21.75  ,-0.89
13147  ,21.50  ,-0.93
13396  ,22.00  ,-0.95
13646  ,21.75  ,-0.99
13896  ,21.50  ,-1.06
14146  ,21.50  ,-1.08
14396  ,21.75  ,-1.12
14646  ,21.75  ,-1.17
14896  ,21.75  ,-1.16
15145  ,21.50  ,-1.19
15395  ,21.75  ,-1.23
15648  ,21.50  ,-1.24
15898  ,21.75  ,-1.25
16148  ,21.75  ,-1.25
16398  ,21.50  ,-1.27
16648  ,21.75  ,-1.30
16898  ,21.75  ,-1.31
17147  ,21.75  ,-1.36
17397  ,21.75  ,-1.37
17647  ,21.75  ,-1.40
17898  ,21.50  ,-1.45
18148  ,21.50  ,-1.50
18398  ,21.50  ,-1.50
18648  ,21.75  ,-1.53
18897  ,21.25  ,-1.56
19147  ,21.25  ,-1.57
19397  ,21.75  ,-1.60
19647  ,21.75  ,-1.64
19897  ,21.75  ,-1.66
20147  ,21.25  ,-1.70
20397  ,21.75  ,-1.72
20646  ,21.75  ,-1.75
20896  ,21.75  ,-1.75
21146  ,21.75  ,-1.78
21394  ,21.25  ,-1.80
21644  ,21.75  ,-1.82
21894  ,20.75  ,-1.89
22144  ,21.50  ,-1.98
22393  ,21.50  ,-1.99
22643  ,21.25  ,-1.99
22893  ,21.75  ,-2.02
23143  ,21.25  ,-2.05
23393  ,21.25  ,-2.10
23644  ,21.75  ,-2.13
23894  ,21.50  ,-2.15
24143  ,21.50  ,-2.17
24393  ,21.50  ,-2.20
24643  ,21.75  ,-2.17
24893  ,21.50  ,-2.20
25143  ,21.50  ,-2.20
25393  ,21.50  ,-2.21
25643  ,21.75  ,-2.20
25892  ,21.75  ,-2.23
26142  ,21.25  ,-2.24
26392  ,21.50  ,-2.19
26642  ,21.00  ,-2.19
26895  ,21.75  ,-2.24
27145  ,21.50  ,-2.26
27395  ,21.75  ,-2.32
27644  ,21.25  ,-2.34
27894  ,21.50  ,-2.35
28144  ,21.25  ,-2.38
28394  ,21.75  ,-2.38
28644  ,21.00  ,-2.38
28895  ,21.50  ,-2.35
29145  ,21.50  ,-2.42
29394  ,21.25  ,-2.43
29644  ,21.75  ,-2.48
29894  ,21.50  ,-2.52
30144  ,21.75  ,-2.57
30394  ,21.75  ,-2.61
30644  ,21.50  ,-2.62
30894  ,21.50  ,-2.66
31143  ,21.75  ,-2.65
31393  ,21.75  ,-2.62
31643  ,21.50  ,-2.64
31893  ,21.75  ,-2.63
32143  ,21.25  ,-2.66
32396  ,21.75  ,-2.68
32646  ,21.50  ,-2.69
32896  ,21.50  ,-2.74
33145  ,21.50  ,-2.79
33395  ,21.50  ,-2.83
33645  ,21.50  ,-2.86
33895  ,21.25  ,-2.87
34145  ,21.50  ,-2.86
34395  ,21.75  ,-2.86
34646  ,21.50  ,-2.85
34895  ,21.50  ,-2.86
35145  ,21.75  ,-2.84
35395  ,21.75  ,-2.81
35645  ,21.75  ,-2.80
35895  ,21.50  ,-2.80
36145  ,22.00  ,-2.81
36396  ,21.50  ,-2.83
36645  ,21.50  ,-2.84
36895  ,21.50  ,-2.83
37145  ,21.50  ,-2.84
37395  ,21.50  ,-2.85
37645  ,21.75  ,-2.85
37898  ,21.50  ,-2.83
38148  ,21.50  ,-2.85
38397  ,21.50  ,-2.88
38647  ,21.75  ,-2.90
38897  ,21.75  ,-2.94
39147  ,21.50  ,-2.96
39398  ,21.75  ,-2.96
39648  ,21.75  ,-2.98
39898  ,21.75  ,-2.98
40147  ,21.75  ,-2.97
40397  ,21.50  ,-2.95
40647  ,21.50  ,-2.92
40897  ,21.75  ,-2.88
41147  ,21.75  ,-2.86
41397  ,21.75  ,-2.84
41647  ,21.75  ,-2.86
41896  ,21.75  ,-2.85
42146  ,21.75  ,-2.81
42396  ,21.75  ,-2.83
42646  ,21.75  ,-2.83
42896  ,21.75  ,-2.81
43146  ,21.75  ,-2.80
43396  ,21.75  ,-2.80
43649  ,21.50  ,-2.79
43898  ,21.50  ,-2.78
44148  ,21.75  ,-2.77
44398  ,21.50  ,-2.79
44648  ,21.75  ,-2.82
44897  ,21.75  ,-2.83
45147  ,21.75  ,-2.84
45396  ,21.50  ,-2.86
45646  ,21.50  ,-2.88
45896  ,21.75  ,-2.90
46146  ,21.75  ,-2.87
46396  ,21.50  ,-2.88
46646  ,21.50  ,-2.90
46896  ,21.75  ,-2.89
47145  ,21.75  ,-2.87
47395  ,21.50  ,-2.89
47644  ,21.75  ,-2.93
47894  ,21.50  ,-2.94
48144  ,21.50  ,-2.93
48394  ,21.75  ,-2.92
48644  ,21.25  ,-2.90
48893  ,21.50  ,-2.90
49146  ,21.50  ,-2.90
49395  ,21.75  ,-2.94
49645  ,21.50  ,-2.95
49895  ,21.50  ,-2.95
50145  ,21.75  ,-2.95
50395  ,21.75  ,-2.96
50644  ,21.50  ,-2.98
50894  ,21.75  ,-2.98
51144  ,21.50  ,-2.98
51394  ,21.75  ,-3.00
51643  ,21.00  ,-3.01
51893  ,21.75  ,-3.02
52143  ,22.00  ,-3.01
52392  ,21.75  ,-3.01
52642  ,21.75  ,-3.07
52892  ,21.75  ,-3.17
53142  ,21.75  ,-3.18
53392  ,21.50  ,-3.22
53642  ,21.75  ,-3.24
53891  ,21.75  ,-3.29
54140  ,21.50  ,-3.36
54390  ,21.50  ,-3.42
54643  ,21.75  ,-3.43
54893  ,21.75  ,-3.42
55143  ,21.75  ,-3.38
55393  ,21.75  ,-3.41
55643  ,21.75  ,-3.45
55892  ,21.75  ,-3.48
56142  ,22.00  ,-3.51
56392  ,21.75  ,-3.53
56642  ,21.75  ,-3.53
56892  ,21.75  ,-3.54
57142  ,21.75  ,-3.48
57392  ,21.75  ,-3.44
57641  ,21.75  ,-3.49
57891  ,21.75  ,-3.51
58142  ,21.75  ,-3.50
58392  ,21.75  ,-3.45
58642  ,21.25  ,-3.40
58892  ,21.25  ,-3.35
59142  ,21.75  ,-3.34
59392  ,21.75  ,-3.36
59641  ,21.75  ,-3.37
59891  ,21.25  ,-3.35
60144  ,21.75  ,-3.31
60394  ,21.50  ,-3.25
60644  ,21.75  ,-3.20
60894  ,21.00  ,-3.16
61144  ,21.75  ,-3.16
61393  ,21.75  ,-3.12
61643  ,21.50  ,-3.10
61893  ,21.00  ,-3.07
62143  ,21.75  ,-3.02
62393  ,21.75  ,-3.01
62643  ,21.75  ,-3.02
62893  ,21.75  ,-3.03
63142  ,21.25  ,-3.05
63392  ,21.75  ,-3.04
63642  ,21.25  ,-3.04
63892  ,21.50  ,-3.02
64142  ,21.50  ,-3.02
64392  ,21.75  ,-3.04
64642  ,21.75  ,-3.05
64892  ,21.75  ,-3.06
65142  ,21.00  ,-3.08
65392  ,21.50  ,-3.10
65642  ,21.75  ,-3.11
65894  ,21.75  ,-3.11
66144  ,21.25  ,-3.12
66394  ,21.75  ,-3.13
66643  ,21.00  ,-3.13
66894  ,21.25  ,-3.13
67145  ,21.00  ,-3.11
67395  ,21.75  ,-3.08
67645  ,21.75  ,-3.07
67895  ,21.75  ,-3.09
68145  ,21.25  ,-3.10
68395  ,21.75  ,-3.11
68644  ,21.75  ,-3.12
68894  ,21.75  ,-3.13
69144  ,21.50  ,-3.13
69394  ,21.25  ,-3.15
69644  ,21.75  ,-3.16
69894  ,21.75  ,-3.17
70144  ,21.75  ,-3.18
70393  ,21.25  ,-3.18
70643  ,21.25  ,-3.19
70893  ,21.75  ,-3.19
71143  ,21.75  ,-3.20
71396  ,21.00  ,-3.22
71646  ,21.50  ,-3.24
71896  ,21.50  ,-3.27
72145  ,21.75  ,-3.31
72395  ,21.75  ,-3.33
72645  ,21.75  ,-3.34
72895  ,21.75  ,-3.36
73146  ,21.25  ,-3.38
73396  ,21.25  ,-3.38
73646  ,21.75  ,-3.40
73895  ,21.75  ,-3.42
74145  ,21.50  ,-3.44
74395  ,21.00  ,-3.44
74645  ,21.50  ,-3.46
74895  ,21.75  ,-3.50
75145  ,21.75  ,-3.53
75395  ,21.75  ,-3.58
75644  ,21.75  ,-3.59
75894  ,21.50  ,-3.63
76144  ,21.00  ,-3.66
76394  ,21.75  ,-3.66
76644  ,21.25  ,-3.65
76897  ,21.75  ,-3.65
77147  ,21.25  ,-3.66
77396  ,21.50  ,-3.67
77646  ,21.25  ,-3.71
77896  ,21.75  ,-3.70
78146  ,21.75  ,-3.69
78396  ,21.25  ,-3.66
78646  ,21.50  ,-3.66
78896  ,21.75  ,-3.67
79145  ,21.00  ,-3.67
79395  ,21.25  ,-3.67
79645  ,21.25  ,-3.62
79895  ,21.50  ,-3.59
80145  ,21.75  ,-3.59
80395  ,21.50  ,-3.56
80646  ,21.75  ,-3.52
80896  ,21.75  ,-3.46
81145  ,21.50  ,-3.47
81395  ,21.75  ,-3.45
81645  ,21.50  ,-3.42
81895  ,21.50  ,-3.37
82145  ,21.25  ,-3.32
82398  ,21.75  ,-3.32
82648  ,21.75  ,-3.26
82897  ,21.50  ,-3.24
83147  ,21.50  ,-3.21
83397  ,21.25  ,-3.19
83647  ,22.00  ,-3.16
83897  ,21.75  ,-3.14
84147  ,21.50  ,-3.17
84397  ,21.75  ,-3.15
84646  ,21.75  ,-3.15
84896  ,21.50  ,-3.16
85146  ,21.75  ,-3.16
85396  ,21.75  ,-3.19
85646  ,21.75  ,-3.17
85896  ,21.50  ,-3.18
86146  ,21.75  ,-3.20
86395  ,21.75  ,-3.23
86645  ,21.75  ,-3.26
86895  ,21.50  ,-3.33
87145  ,21.75  ,-3.37
87396  ,21.75  ,-3.39
87646  ,21.75  ,-3.41
87896  ,21.75  ,-3.41
88147  ,21.50  ,-3.42
88397  ,21.25  ,-3.43
88647  ,21.25  ,-3.43
88897  ,21.25  ,-3.42
89147  ,21.25  ,-3.39
89397  ,21.25  ,-3.37
89647  ,21.50  ,-3.36
89896  ,21.75  ,-3.33
90145  ,21.50  ,-3.35
90395  ,21.50  ,-3.34
90645  ,21.75  ,-3.35
90895  ,21.75  ,-3.36
91145  ,21.50  ,-3.36
91395  ,21.75  ,-3.37
91644  ,21.75  ,-3.35
91894  ,21.75  ,-3.31
92144  ,21.75  ,-3.28
92394  ,21.25  ,-3.26
92643  ,21.25  ,-3.26
92893  ,21.50  ,-3.26
93143  ,21.75  ,-3.26
93392  ,21.75  ,-3.29
93645  ,21.50  ,-3.30
93895  ,21.00  ,-3.32
94145  ,21.25  ,-3.34
94395  ,21.75  ,-3.37
94645  ,21.25  ,-3.38
94894  ,21.50  ,-3.41
95144  ,21.50  ,-3.42
95393  ,21.50  ,-3.46
95643  ,21.25  ,-3.50
95893  ,21.25  ,-3.51
96143  ,21.25  ,-3.55
96393  ,21.75  ,-3.61
96643  ,21.75  ,-3.67
96892  ,21.25  ,-3.73
97142  ,21.75  ,-3.78
97392  ,21.50  ,-3.81
97641  ,21.75  ,-3.86
97893  ,21.50  ,-3.92
98143  ,21.25  ,-3.98
98393  ,21.00  ,-4.00
98642  ,21.75  ,-4.06
98892  ,21.75  ,-4.09
99144  ,21.50  ,-4.14
99394  ,21.00  ,-4.16
99644  ,21.25  ,-4.19
99895  ,21.00  ,-4.21
100145  ,21.50  ,-4.23
100395  ,21.50  ,-4.23
100644  ,21.75  ,-4.25
100894  ,21.75  ,-4.28
101144  ,21.75  ,-4.31
101394  ,21.75  ,-4.31
101644  ,21.00  ,-4.31
101894  ,21.50  ,-4.35
102144  ,21.00  ,-4.34
102393  ,21.75  ,-4.34
102644  ,21.00  ,-4.35
102894  ,21.00  ,-4.38
103144  ,21.50  ,-4.40
103394  ,21.00  ,-4.41
103644  ,21.25  ,-4.41
103894  ,21.50  ,-4.43
104143  ,21.50  ,-4.44
104393  ,21.25  ,-4.43
104646  ,21.75  ,-4.44
104896  ,21.50  ,-4.46
105146  ,21.25  ,-4.45
105396  ,21.75  ,-4.45
105646  ,21.50  ,-4.44
105896  ,21.25  ,-4.45
106146  ,21.75  ,-4.45
106396  ,21.50  ,-4.45
106646  ,21.25  ,-4.45
106896  ,21.25  ,-4.46
107146  ,21.00  ,-4.45
107396  ,21.25  ,-4.45
107645  ,21.25  ,-4.44
107895  ,22.00  ,-4.45
108145  ,21.50  ,-4.45
108395  ,21.75  ,-4.45
108645  ,21.75  ,-4.47
108896  ,21.00  ,-4.49
109146  ,21.25  ,-4.50
109395  ,21.25  ,-4.50
109645  ,21.25  ,-4.51
109898  ,21.75  ,-4.52
110148  ,21.25  ,-4.54
110398  ,21.75  ,-4.56
110648  ,21.75  ,-4.58
110898  ,21.75  ,-4.59
111148  ,21.50  ,-4.60
111397  ,21.50  ,-4.61
111647  ,21.75  ,-4.65
111898  ,21.75  ,-4.69
112148  ,20.75  ,-4.73
112398  ,21.25  ,-4.77
112648  ,21.50  ,-4.78
112898  ,21.25  ,-4.83
113147  ,21.50  ,-4.86
113397  ,21.00  ,-4.91
113647  ,21.50  ,-4.95
113897  ,21.75  ,-5.00
114147  ,21.75  ,-5.05
114397  ,21.50  ,-5.10
114647  ,21.25  ,-5.15
114897  ,22.00  ,-5.21
115149  ,21.75  ,-5.26
115400  ,21.75  ,-5.33
115650  ,21.75  ,-5.37
115900  ,21.50  ,-5.42
116150  ,21.50  ,-5.47
116400  ,21.75  ,-5.52
116649  ,21.75  ,-5.58
116899  ,22.00  ,-5.63
117149  ,21.75  ,-5.68
117399  ,21.50  ,-5.74
117650  ,21.50  ,-5.81
117900  ,21.25  ,-5.87
118150  ,21.50  ,-5.94
118400  ,21.50  ,-6.00
118649  ,21.50  ,-6.07
118899  ,21.25  ,-6.14
119149  ,21.50  ,-6.22
119399  ,21.75  ,-6.30
119649  ,21.75  ,-6.39
119899  ,21.75  ,-6.45
120148  ,21.75  ,-6.53
120398  ,22.00  ,-6.61
120651  ,21.75  ,-6.69
120901  ,21.75  ,-6.77
121152  ,21.50  ,-6.86
121402  ,22.00  ,-6.94
121652  ,21.75  ,-7.03
121902  ,21.75  ,-7.13
122151  ,21.50  ,-7.22
122401  ,21.00  ,-7.31
122651  ,21.50  ,-7.40
122901  ,21.75  ,-7.51
123151  ,21.50  ,-7.60
123401  ,21.50  ,-7.70
123652  ,21.75  ,-7.80
123901  ,21.50  ,-7.91
124151  ,21.50  ,-8.02
124401  ,21.50  ,-8.12
124651  ,21.50  ,-8.22
124901  ,21.00  ,-8.35
125151  ,22.00  ,-8.46
125401  ,21.50  ,-8.57
125650  ,21.75  ,-8.69
125903  ,21.75  ,-8.80
126153  ,21.00  ,-8.92
126403  ,21.75  ,-9.04
126653  ,21.50  ,-9.15
126903  ,21.50  ,-9.27
127154  ,21.50  ,-9.40
127404  ,21.50  ,-9.54
127653  ,22.00  ,-9.67
127903  ,21.25  ,-9.80
128153  ,21.50  ,-9.93
128405  ,21.25  ,-10.06
128655  ,21.50  ,-10.21
128905  ,21.50  ,-10.36
129155  ,21.50  ,-10.52
129404  ,21.00  ,-10.70
129655  ,21.50  ,-10.86
129905  ,21.50  ,-11.02
130155  ,21.75  ,-11.21
130405  ,21.50  ,-11.38
130655  ,21.50  ,-11.59
130905  ,21.50  ,-11.77
131158  ,21.75  ,-11.95
131407  ,21.50  ,-12.13
131657  ,21.75  ,-12.33
131907  ,21.50  ,-12.54
132157  ,21.75  ,-12.75
132407  ,21.25  ,-12.97
132657  ,21.50  ,-13.19
132907  ,21.50  ,-13.40
133156  ,21.75  ,-13.62
133406  ,21.50  ,-13.84
133656  ,21.50  ,-14.05
133906  ,22.00  ,-14.31
134156  ,22.00  ,-14.60
134406  ,21.75  ,-14.88
134656  ,21.25  ,-15.13
134905  ,21.75  ,-15.40
135155  ,21.75  ,-15.68
135405  ,21.50  ,-15.96
135655  ,21.75  ,-16.22
135905  ,22.00  ,-16.45
136158  ,21.25  ,-16.73
136408  ,21.75  ,-16.92
136657  ,21.25  ,-17.17
136906  ,21.75  ,-17.44
137157  ,21.50  ,-17.70
137407  ,22.00  ,-17.97
137657  ,21.50  ,-18.25
137906  ,21.25  ,-18.47
138157  ,21.75  ,-18.67
138406  ,21.50  ,-18.90
138655  ,21.75  ,-19.08
138905  ,22.00  ,-19.08
139156  ,21.75  ,-19.18
139406  ,22.00  ,-19.41
139655  ,22.00  ,-19.55
139905  ,21.50  ,-19.70
140155  ,22.25  ,-19.92
140404  ,22.25  ,-20.15
140654  ,22.00  ,-20.40
140904  ,22.00  ,-20.75
141154  ,22.25  ,-20.97
141407  ,22.00  ,-21.22
141657  ,21.75  ,-21.45
141906  ,22.25  ,-21.69
142157  ,21.75  ,-21.94
142407  ,22.00  ,-22.17
142657  ,21.75  ,-22.43
142907  ,22.00  ,-22.67
143157  ,21.75  ,-22.89
143407  ,22.00  ,-23.32
143657  ,22.25  ,-23.68
143907  ,22.00  ,-24.00
144157  ,22.00  ,-24.39
144407  ,22.00  ,-24.65
144657  ,22.00  ,-24.89
144907  ,21.75  ,-25.13
145158  ,22.25  ,-25.32
145408  ,22.00  ,-25.57
145657  ,22.50  ,-25.82
145907  ,22.00  ,-26.05
146157  ,22.25  ,-26.28
146410  ,22.25  ,-26.52
146660  ,22.25  ,-26.76
146910  ,22.25  ,-27.02
147160  ,22.00  ,-27.28
147410  ,22.00  ,-27.49
147660  ,22.25  ,-27.73
147910  ,22.25  ,-27.97
148160  ,22.25  ,-28.22
148410  ,21.50  ,-28.46
148660  ,22.50  ,-28.71
148911  ,22.00  ,-28.96
149160  ,22.25  ,-29.25
149410  ,22.25  ,-29.51
149660  ,22.75  ,-29.78
149910  ,22.25  ,-30.09
150160  ,22.25  ,-30.39
150410  ,22.25  ,-30.67
150660  ,22.50  ,-30.94
150910  ,22.75  ,-31.21
151160  ,22.25  ,-31.46
151410  ,22.25  ,-31.73
151663  ,22.50  ,-31.96
151913  ,22.00  ,-32.26
152163  ,22.50  ,-32.49
152413  ,22.75  ,-32.68
152663  ,22.75  ,-32.92
152913  ,23.00  ,-33.16
153163  ,22.50  ,-33.40
153413  ,22.50  ,-33.62
153663  ,22.50  ,-33.81
153913  ,23.00  ,-33.97
154163  ,22.25  ,-34.14
154414  ,23.25  ,-34.33
154663  ,22.50  ,-34.53
154913  ,22.75  ,-34.76
155163  ,23.25  ,-34.99
155413  ,23.00  ,-35.23
155663  ,23.00  ,-35.46
155913  ,23.25  ,-35.69
156164  ,23.00  ,-35.90
156413  ,23.25  ,-36.17
156666  ,23.00  ,-36.48
156916  ,23.25  ,-36.81
157166  ,23.25  ,-37.15
157416  ,23.00  ,-37.47
157666  ,23.25  ,-37.78
157916  ,23.25  ,-38.06
158167  ,23.25  ,-38.40
158416  ,23.25  ,-38.66
158666  ,23.25  ,-38.91
158918  ,23.75  ,-39.16
159168  ,23.25  ,-39.35
159418  ,23.50  ,-39.51
159668  ,23.00  ,-39.70
159918  ,23.50  ,-39.92
160167  ,23.50  ,-40.14
160418  ,24.00  ,-40.32
160668  ,24.00  ,-40.48
160918  ,24.00  ,-40.64
161168  ,24.00  ,-40.81
161418  ,24.00  ,-40.92
161668  ,24.00  ,-41.06
161921  ,23.75  ,-41.26
162170  ,24.00  ,-41.48
162420  ,24.00  ,-41.70
162671  ,23.75  ,-41.92
162921  ,23.75  ,-42.18
163171  ,24.00  ,-42.45
163421  ,24.25  ,-42.71
163671  ,24.25  ,-43.02
163920  ,24.50  ,-43.33
164170  ,23.75  ,-43.60
164421  ,24.50  ,-43.87
164671  ,24.25  ,-44.15
164921  ,24.50  ,-44.41
165171  ,24.25  ,-44.67
165421  ,24.50  ,-44.96
165670  ,24.50  ,-45.18
165921  ,24.75  ,-45.41
166171  ,24.25  ,-45.61
166421  ,24.00  ,-45.76
166671  ,24.75  ,-46.00
166924  ,24.75  ,-46.20
167174  ,24.50  ,-46.42
167424  ,24.00  ,-46.62
167673  ,24.50  ,-46.80
167923  ,24.50  ,-47.01
168174  ,24.75  ,-47.21
168424  ,24.75  ,-47.44
168674  ,25.00  ,-47.64
168924  ,25.00  ,-47.83
169174  ,25.00  ,-48.04
169423  ,25.25  ,-48.26
169673  ,25.00  ,-48.45
169924  ,24.50  ,-48.62
170174  ,25.00  ,-48.87
170424  ,25.25  ,-49.12
170674  ,25.50  ,-49.40
170924  ,24.75  ,-49.66
171173  ,25.25  ,-49.91
171424  ,25.25  ,-50.17
171674  ,25.25  ,-50.44
171924  ,25.25  ,-50.68
172177  ,25.25  ,-50.91
172427  ,25.25  ,-51.11
172677  ,25.25  ,-51.31
172926  ,25.75  ,-51.50
173175  ,25.50  ,-51.76
173426  ,25.75  ,-51.99
173676  ,25.75  ,-52.23
173926  ,26.00  ,-52.47
174175  ,25.50  ,-52.70
174426  ,25.25  ,-52.93
174675  ,25.25  ,-53.12
174925  ,25.75  ,-53.26
175174  ,26.00  ,-53.45
175425  ,26.00  ,-53.70
175675  ,26.00  ,-54.10
175924  ,26.00  ,-54.55
176174  ,25.50  ,-54.91
176424  ,26.00  ,-55.23
176674  ,26.25  ,-55.65
176923  ,26.50  ,-56.10
177176  ,25.75  ,-56.49
177426  ,26.25  ,-56.91
177676  ,25.75  ,-57.34
177926  ,26.25  ,-57.76
178176  ,26.50  ,-58.22
178425  ,26.50  ,-58.71
178675  ,26.50  ,-59.24
178925  ,26.75  ,-59.77
179175  ,26.75  ,-60.37
179425  ,26.75  ,-61.00
179675  ,27.25  ,-61.61
179924  ,26.75  ,-62.16
180174  ,27.00  ,-62.62
180424  ,27.25  ,-63.05
180674  ,26.75  ,-63.72
180924  ,26.75  ,-64.34
181174  ,27.00  ,-64.94
181424  ,26.50  ,-65.54
181673  ,27.00  ,-66.24
181923  ,26.50  ,-66.90
182173  ,27.00  ,-67.63
182426  ,26.75  ,-68.38
182676  ,27.00  ,-69.10
182926  ,27.00  ,-69.89
183176  ,27.00  ,-70.62
183426  ,27.25  ,-71.33
183675  ,26.75  ,-72.09
183926  ,27.25  ,-72.83
184176  ,27.00  ,-73.58
184426  ,27.00  ,-74.35
184676  ,27.50  ,-75.06
184926  ,27.25  ,-75.78
185176  ,27.00  ,-76.51
185425  ,27.50  ,-77.22
185676  ,27.25  ,-77.87
185926  ,26.75  ,-78.51
186176  ,27.50  ,-78.99
186426  ,27.75  ,-79.68
186676  ,27.25  ,-80.33
186926  ,27.25  ,-80.94
187176  ,27.50  ,-81.48
187428  ,27.50  ,-82.11
187679  ,27.50  ,-82.76
187929  ,27.50  ,-83.36
188179  ,27.50  ,-83.93
188429  ,28.25  ,-84.50
188679  ,28.00  ,-85.13
188929  ,27.75  ,-85.76
189179  ,28.00  ,-86.50
189429  ,28.25  ,-87.30
189680  ,27.75  ,-88.16
189931  ,28.00  ,-88.91
190181  ,28.00  ,-89.70
190431  ,28.25  ,-90.44
190681  ,28.25  ,-91.16
190930  ,28.25  ,-91.90
191180  ,28.25  ,-92.64
191431  ,28.50  ,-93.31
191681  ,28.25  ,-93.96
191931  ,28.25  ,-94.56
192181  ,28.50  ,-95.11
192431  ,29.00  ,-95.85
192684  ,28.75  ,-96.66
192933  ,29.00  ,-97.46
193183  ,29.00  ,-98.13
193433  ,29.00  ,-98.83
193684  ,29.25  ,-99.62
193934  ,28.75  ,-100.32
194184  ,29.25  ,-100.99
194434  ,29.50  ,-101.80
194683  ,29.25  ,-102.58
194934  ,29.25  ,-103.32
195184  ,29.00  ,-104.05
195434  ,29.25  ,-104.80
195684  ,29.50  ,-105.53
195935  ,30.00  ,-106.29
196185  ,29.75  ,-107.05
196434  ,29.50  ,-107.80
196684  ,29.75  ,-108.53
196934  ,30.00  ,-109.23
197184  ,29.75  ,-109.95
197435  ,30.25  ,-110.64
197688  ,30.00  ,-111.25
197938  ,30.50  ,-111.89
198188  ,30.25  ,-112.62
198437  ,30.50  ,-113.33
198687  ,30.25  ,-114.03
198938  ,30.50  ,-114.73
199188  ,30.25  ,-115.46
199438  ,30.25  ,-116.18
199688  ,30.25  ,-116.91
199938  ,30.75  ,-117.67
200188  ,30.75  ,-118.43
200438  ,31.00  ,-119.16
200688  ,31.00  ,-119.89
200938  ,30.50  ,-120.63
201188  ,31.25  ,-121.37
201439  ,31.25  ,-122.07
201689  ,31.25  ,-122.82
201938  ,31.25  ,-123.59
202188  ,31.75  ,-124.34
202441  ,31.50  ,-125.05
202691  ,31.50  ,-125.81
202942  ,31.50  ,-126.60
203192  ,31.25  ,-127.39
203442  ,32.00  ,-128.16
203692  ,31.75  ,-128.91
203941  ,31.50  ,-129.61
204192  ,32.00  ,-130.33
204442  ,32.00  ,-131.05
204692  ,32.00  ,-131.77
204942  ,32.50  ,-132.49
205192  ,32.25  ,-133.25
205442  ,32.75  ,-134.00
205692  ,32.50  ,-134.77
205942  ,32.75  ,-135.45
206192  ,32.25  ,-136.15
206442  ,33.00  ,-136.86
206693  ,32.75  ,-137.52
206943  ,33.25  ,-138.21
207193  ,33.00  ,-138.85
207446  ,32.75  ,-139.57
207695  ,32.75  ,-140.30
207945  ,33.25  ,-141.05
208195  ,33.25  ,-141.76
208446  ,33.25  ,-142.50
208696  ,33.50  ,-143.23
208946  ,33.75  ,-143.98
209196  ,33.75  ,-144.73
209446  ,33.50  ,-145.45
209696  ,33.25  ,-146.18
209946  ,34.00  ,-146.86
210196  ,34.00  ,-147.64
210446  ,33.75  ,-148.44
210697  ,34.25  ,-149.23
210947  ,34.25  ,-150.00
211196  ,34.50  ,-150.78
211446  ,34.75  ,-151.49
211696  ,34.25  ,-152.25
211946  ,34.25  ,-153.00
212197  ,34.75  ,-153.80
212450  ,34.50  ,-154.55
212700  ,34.50  ,-155.29
212950  ,35.00  ,-156.01
213199  ,35.00  ,-156.71
213449  ,34.75  ,-157.44
213699  ,35.50  ,-158.16
213949  ,35.00  ,-158.89
214199  ,34.50  ,-159.63
214449  ,35.25  ,-160.35
214699  ,35.75  ,-161.09
214948  ,35.25  ,-161.82
215198  ,35.50  ,-162.55
215448  ,36.00  ,-163.34
215698  ,35.75  ,-164.08
215948  ,35.75  ,-164.80
216198  ,35.75  ,-165.53
216448  ,36.25  ,-166.28
216697  ,36.25  ,-167.04
216947  ,36.25  ,-167.80
217200  ,35.75  ,-168.56
217450  ,36.50  ,-169.34
217700  ,36.50  ,-170.14
217950  ,36.25  ,-170.98
218200  ,36.50  ,-171.80
218449  ,36.75  ,-172.58
218699  ,36.25  ,-173.40
218949  ,36.75  ,-174.18
219200  ,36.50  ,-174.92
219450  ,36.50  ,-175.67
219700  ,36.75  ,-176.49
219950  ,37.00  ,-177.31
220200  ,36.75  ,-178.07
220450  ,37.25  ,-178.84
220700  ,37.25  ,-179.59
220950  ,37.00  ,-180.31
221201  ,37.50  ,-181.01
221451  ,37.00  ,-181.82
221701  ,37.50  ,-182.70
221950  ,37.25  ,-183.45
222203  ,37.75  ,-184.30
222453  ,37.75  ,-185.12
222703  ,37.25  ,-186.11
222953  ,37.25  ,-186.88
223203  ,38.00  ,-187.67
223454  ,37.75  ,-188.46
223704  ,38.00  ,-189.21
223953  ,37.75  ,-189.97
224203  ,38.50  ,-190.72
224453  ,37.75  ,-191.45
224704  ,38.25  ,-192.16
224954  ,38.25  ,-192.88
225204  ,38.50  ,-193.65
225454  ,38.25  ,-194.27
225703  ,38.50  ,-194.51
225954  ,38.50  ,-195.17
226204  ,38.75  ,-195.86
226454  ,38.50  ,-196.52
226704  ,38.50  ,-197.30
226954  ,38.50  ,-198.00
227207  ,38.75  ,-198.53
227458  ,38.25  ,-199.28
227707  ,38.75  ,-199.95
227957  ,39.00  ,-200.64
228207  ,38.75  ,-201.30
228457  ,39.00  ,-201.97
228708  ,39.00  ,-202.57
228958  ,39.25  ,-203.15
229208  ,39.25  ,-203.70
229457  ,39.50  ,-204.23
229707  ,38.75  ,-204.72
229958  ,39.50  ,-205.14
230208  ,39.00  ,-205.48
230458  ,39.50  ,-205.80
230708  ,39.75  ,-206.05
230959  ,39.75  ,-206.21
231208  ,39.75  ,-206.45
231458  ,39.25  ,-206.72
231708  ,40.00  ,-206.97
231961  ,39.75  ,-207.16
232211  ,40.25  ,-207.36
232461  ,39.75  ,-207.59
232712  ,40.25  ,-207.79
232962  ,40.25  ,-208.01
233211  ,40.00  ,-208.32
233461  ,40.25  ,-208.60
233711  ,40.00  ,-208.91
233962  ,40.00  ,-209.22
234212  ,40.25  ,-209.56
234462  ,40.75  ,-209.92
234712  ,40.75  ,-210.31
234961  ,40.25  ,-210.73
235212  ,40.50  ,-211.16
235462  ,40.50  ,-211.61
235712  ,41.00  ,-212.09
235962  ,40.75  ,-212.61
236212  ,41.00  ,-213.11
236463  ,40.75  ,-213.65
236712  ,41.00  ,-214.23
236965  ,40.75  ,-214.79
237215  ,41.00  ,-215.37
237465  ,41.25  ,-215.95
237715  ,41.25  ,-216.53
237966  ,41.00  ,-217.19
238216  ,41.25  ,-217.91
238466  ,40.75  ,-218.63
238715  ,41.50  ,-219.35
238965  ,42.00  ,-220.06
239215  ,41.50  ,-220.80
239466  ,41.25  ,-221.54
239716  ,41.50  ,-222.36
239966  ,41.75  ,-223.19
240216  ,41.50  ,-224.14
240465  ,41.75  ,-225.15
240716  ,41.75  ,-226.15
240966  ,41.75  ,-227.29
241216  ,41.75  ,-228.47
241466  ,42.00  ,-229.60
241717  ,41.75  ,-230.67
241969  ,41.50  ,-231.68
242220  ,42.00  ,-232.65
242469  ,42.00  ,-233.67
242719  ,41.50  ,-234.72
242969  ,42.25  ,-235.86
243219  ,42.25  ,-236.99
243470  ,42.00  ,-238.12
243720  ,42.50  ,-239.19
243970  ,42.75  ,-240.22
244219  ,41.75  ,-241.21
244469  ,42.75  ,-242.15
244720  ,42.75  ,-243.09
244970  ,42.75  ,-243.95
245220  ,42.50  ,-244.92
245470  ,42.25  ,-245.88
245720  ,42.25  ,-246.87
245970  ,42.50  ,-247.95
246220  ,42.25  ,-249.08
246470  ,42.25  ,-250.20
246720  ,42.75  ,-251.27
246968  ,43.25  ,-252.34
247218  ,42.25  ,-253.38
247469  ,43.00  ,-254.44
247718  ,42.50  ,-255.59
247968  ,42.50  ,-256.78
248218  ,42.75  ,-257.94
248468  ,42.75  ,-259.15
248719  ,42.75  ,-260.37
248969  ,43.25  ,-261.58
249219  ,43.25  ,-262.70
249468  ,42.75  ,-263.86
249719  ,43.00  ,-265.11
249969  ,43.25  ,-266.33
250219  ,43.25  ,-267.49
250469  ,43.25  ,-268.57
250719  ,42.75  ,-269.71
250971  ,43.50  ,-270.83
251220  ,43.00  ,-272.01
251471  ,43.25  ,-273.21
251723  ,43.50  ,-274.27
251973  ,43.00  ,-275.27
252223  ,43.75  ,-276.28
252474  ,43.50  ,-277.21
252724  ,43.25  ,-278.18
252974  ,43.25  ,-279.13
253223  ,43.50  ,-280.04
253473  ,44.00  ,-280.93
253723  ,43.75  ,-281.86
253973  ,43.75  ,-282.82
254223  ,44.00  ,-283.91
254473  ,44.25  ,-285.06
254723  ,44.00  ,-286.17
254972  ,45.00  ,-287.20
255222  ,44.25  ,-288.27
255472  ,45.00  ,-289.25
255722  ,44.75  ,-290.27
255972  ,45.00  ,-291.32
256222  ,45.00  ,-292.50
256472  ,43.75  ,-293.63
256724  ,44.75  ,-294.71
256974  ,44.75  ,-295.83
257224  ,44.75  ,-296.97
257474  ,45.00  ,-298.23
257724  ,45.75  ,-299.48
257974  ,45.25  ,-300.69
258224  ,45.00  ,-301.67
258473  ,44.75  ,-302.68
258724  ,44.50  ,-303.75
258974  ,45.25  ,-304.81
259224  ,45.75  ,-305.86
259474  ,45.50  ,-306.91
259724  ,45.25  ,-308.01
259974  ,45.75  ,-309.21
260224  ,45.50  ,-310.15
260473  ,45.50  ,-311.18
260723  ,46.00  ,-312.24
260973  ,46.00  ,-313.35
261223  ,45.75  ,-314.50
261473  ,46.25  ,-315.49
261726  ,46.25  ,-316.38
261976  ,45.25  ,-317.24
262225  ,45.75  ,-318.28
262475  ,46.50  ,-319.38
262726  ,46.50  ,-320.38
262976  ,46.00  ,-321.41
263226  ,46.00  ,-322.39
263476  ,46.50  ,-323.47
263726  ,46.25  ,-324.50
263976  ,46.50  ,-325.54
264226  ,46.25  ,-326.60
264476  ,46.75  ,-327.60
264726  ,46.50  ,-328.66
264976  ,46.75  ,-329.70
265227  ,46.50  ,-330.76
265477  ,46.50  ,-331.79
265726  ,47.25  ,-333.13
265976  ,46.75  ,-334.31
266227  ,46.75  ,-335.34
266480  ,47.00  ,-336.35
266730  ,47.25  ,-337.39
266980  ,47.00  ,-338.43
267230  ,47.25  ,-339.49
267480  ,47.50  ,-340.54
267730  ,47.25  ,-341.52
267980  ,47.00  ,-342.52
268230  ,47.00  ,-343.55
268480  ,47.50  ,-344.63
268730  ,47.75  ,-345.62
268981  ,47.00  ,-346.62
269231  ,47.25  ,-347.62
269480  ,47.75  ,-348.62
269730  ,47.50  ,-349.50
269980  ,47.75  ,-350.40
270231  ,47.75  ,-351.38
270481  ,48.25  ,-352.44
270731  ,48.25  ,-353.47
270981  ,48.00  ,-354.53
271232  ,48.00  ,-355.52
271483  ,48.25  ,-356.49
271734  ,48.50  ,-357.53
271984  ,48.00  ,-358.58
272234  ,48.00  ,-359.66
272484  ,48.25  ,-360.78
272734  ,48.25  ,-361.85
272985  ,48.25  ,-362.89
273234  ,48.50  ,-363.90
273484  ,48.25  ,-364.98
273734  ,48.25  ,-366.12
273985  ,48.50  ,-367.20
274235  ,48.25  ,-368.22
274485  ,48.25  ,-369.28
274735  ,49.00  ,-370.47
274984  ,48.75  ,-371.69
275235  ,48.75  ,-372.89
275485  ,49.25  ,-374.18
275735  ,48.75  ,-375.43
275985  ,49.25  ,-376.54
276235  ,48.50  ,-377.65
276488  ,48.75  ,-378.70
276739  ,48.75  ,-379.89
276988  ,48.75  ,-380.99
277238  ,49.00  ,-382.16
277488  ,48.75  ,-383.36
277738  ,48.75  ,-384.51
277989  ,48.50  ,-385.59
278239  ,49.00  ,-386.67
278489  ,49.50  ,-388.06
278738  ,49.25  ,-389.48
278989  ,50.00  ,-390.82
279239  ,49.75  ,-392.17
279489  ,49.50  ,-393.57
279739  ,49.50  ,-394.93
279989  ,49.50  ,-396.33
280240  ,49.50  ,-397.69
280489  ,50.00  ,-399.05
280739  ,49.50  ,-400.31
280989  ,49.75  ,-401.60
281242  ,49.75  ,-402.83
281494  ,50.00  ,-404.11
281744  ,50.00  ,-405.54
281994  ,50.00  ,-407.05
282245  ,50.00  ,-408.44
282494  ,50.25  ,-409.61
282744  ,50.25  ,-410.66
282994  ,50.75  ,-411.66
283244  ,50.25  ,-412.72
283495  ,50.00  ,-413.68
283745  ,51.00  ,-414.77
283995  ,50.75  ,-415.99
284244  ,51.00  ,-417.17
284494  ,50.75  ,-418.46
284745  ,50.25  ,-419.84
284995  ,50.75  ,-421.20
285245  ,50.75  ,-422.69
285495  ,51.00  ,-423.97
285746  ,50.25  ,-425.10
285996  ,50.75  ,-426.38
286248  ,50.75  ,-427.66
286498  ,51.00  ,-429.04
286748  ,51.00  ,-430.38
286998  ,50.75  ,-431.73
287248  ,51.00  ,-433.12
287499  ,50.50  ,-434.54
287749  ,51.00  ,-435.85
287998  ,51.00  ,-437.09
288248  ,50.50  ,-438.39
288498  ,51.50  ,-439.68
288749  ,51.00  ,-441.00
288999  ,51.25  ,-442.33
289249  ,51.50  ,-443.56
289499  ,51.50  ,-444.81
289750  ,51.25  ,-446.28
289999  ,51.25  ,-447.57
290249  ,51.25  ,-448.91
290499  ,51.75  ,-450.22
290749  ,51.25  ,-451.60
290999  ,51.75  ,-453.03
291252  ,51.50  ,-454.43
291502  ,52.00  ,-455.75
291751  ,51.50  ,-457.03
292001  ,51.75  ,-458.46
292251  ,52.00  ,-459.86
292502  ,51.25  ,-461.28
292752  ,52.00  ,-462.70
293002  ,52.25  ,-464.04
293252  ,52.25  ,-465.40
293501  ,52.50  ,-466.81
293751  ,52.25  ,-468.15
294001  ,52.25  ,-469.52
294251  ,52.00  ,-470.81
294501  ,52.25  ,-472.17
294751  ,52.25  ,-473.44
295001  ,52.75  ,-474.71
295250  ,53.00  ,-475.98
295500  ,53.00  ,-477.29
295750  ,53.00  ,-478.66
296003  ,53.00  ,-479.97
296253  ,53.50  ,-481.30
296503  ,52.75  ,-482.68
296753  ,52.75  ,-483.97
297003  ,53.50  ,-485.39
297252  ,53.25  ,-486.79
297502  ,53.25  ,-488.11
297752  ,53.25  ,-489.42
298002  ,52.75  ,-490.67
298252  ,53.00  ,-491.85
298503  ,53.25  ,-493.00
298753  ,53.75  ,-494.07
299002  ,53.00  ,-495.15
299252  ,53.75  ,-496.33
299502  ,53.75  ,-497.72
299752  ,54.00  ,-499.24
300002  ,54.00  ,-500.61
300252  ,53.75  ,-501.88
300502  ,53.50  ,-503.30
300751  ,54.00  ,-504.69
301004  ,54.25  ,-506.03
301254  ,54.50  ,-507.39
301504  ,54.25  ,-508.92
301754  ,54.00  ,-510.35
302005  ,54.50  ,-511.81
302255  ,54.00  ,-513.29
302504  ,54.75  ,-514.84
302754  ,54.50  ,-516.34
303004  ,54.50  ,-518.00
303255  ,54.50  ,-519.52
303505  ,55.00  ,-520.83
303755  ,55.00  ,-522.06
304005  ,54.75  ,-523.32
304256  ,54.50  ,-524.70
304505  ,54.75  ,-525.89
304755  ,55.25  ,-527.12
305005  ,55.00  ,-528.35
305256  ,55.25  ,-529.64
305506  ,55.50  ,-530.86
305756  ,54.75  ,-532.12
306009  ,54.75  ,-533.40
306258  ,55.25  ,-534.77
306508  ,55.25  ,-536.10
306759  ,55.50  ,-537.52
307009  ,55.00  ,-538.84
307259  ,55.50  ,-540.08
307509  ,55.75  ,-541.34
307759  ,55.75  ,-542.64
308009  ,55.50  ,-543.94
308259  ,55.75  ,-545.18
308509  ,55.75  ,-546.49
308759  ,55.50  ,-547.80
309009  ,56.25  ,-549.10
309260  ,56.25  ,-550.37
309510  ,56.25  ,-551.57
309760  ,56.50  ,-552.84
310009  ,56.50  ,-554.12
310260  ,56.00  ,-555.35
310510  ,56.75  ,-556.61
310760  ,56.50  ,-557.80
311008  ,56.50  ,-559.07
311258  ,56.00  ,-560.41
311508  ,56.00  ,-561.74
311758  ,56.50  ,-563.01
312008  ,56.50  ,-564.34
312260  ,56.75  ,-565.73
312510  ,56.50  ,-567.08
312760  ,56.75  ,-568.48
313010  ,56.50  ,-569.84
313261  ,56.25  ,-571.23
313510  ,57.00  ,-572.58
313760  ,57.00  ,-573.92
314010  ,57.00  ,-575.27
314261  ,57.25  ,-576.68
314511  ,57.25  ,-578.08
314761  ,57.50  ,-579.47
315011  ,56.75  ,-580.84
315260  ,57.25  ,-582.21
315511  ,57.25  ,-583.58
315764  ,57.25  ,-584.94
316014  ,57.00  ,-586.26
316264  ,57.00  ,-587.55
316514  ,57.00  ,-588.86
316764  ,56.25  ,-590.09
317015  ,57.75  ,-591.39
317264  ,58.00  ,-592.68
317514  ,57.25  ,-594.01
317764  ,58.00  ,-595.32
318015  ,57.50  ,-596.64
318265  ,58.00  ,-597.95
318515  ,57.50  ,-599.25
318765  ,58.00  ,-600.59
319015  ,58.25  ,-601.93
319265  ,58.00  ,-603.26
319515  ,58.50  ,-604.59
319765  ,58.25  ,-605.92
320015  ,58.25  ,-607.24
320266  ,58.25  ,-608.55
320516  ,58.75  ,-609.86
320769  ,58.50  ,-611.20
321018  ,58.75  ,-612.49
321268  ,58.75  ,-613.78
321518  ,58.75  ,-615.07
321769  ,58.75  ,-616.39
322019  ,59.00  ,-617.68
322269  ,59.00  ,-618.91
322519  ,58.50  ,-620.14
322768  ,59.00  ,-621.36
323019  ,59.00  ,-622.58
323269  ,59.00  ,-623.80
323519  ,59.00  ,-625.01
323769  ,59.25  ,-626.21
324020  ,58.25  ,-627.44
324270  ,58.75  ,-628.64
324519  ,59.50  ,-629.84
324769  ,59.25  ,-630.99
325019  ,59.00  ,-632.12
325270  ,59.25  ,-633.20
325520  ,59.00  ,-634.27
325773  ,59.75  ,-635.31
326023  ,59.75  ,-636.35
326273  ,59.75  ,-637.40
326522  ,59.75  ,-638.42
326773  ,59.25  ,-639.42
327023  ,59.25  ,-640.41
327273  ,59.25  ,-641.40
327523  ,58.75  ,-642.36
327774  ,58.75  ,-643.33
328024  ,59.00  ,-644.27
328273  ,59.00  ,-645.20
328523  ,59.50  ,-646.10
328774  ,59.50  ,-647.02
329024  ,59.75  ,-647.95
329274  ,59.50  ,-648.90
329524  ,59.75  ,-649.86
329774  ,59.50  ,-650.81
330024  ,59.50  ,-651.76
330274  ,59.50  ,-652.70
330527  ,59.25  ,-653.64
330777  ,59.50  ,-654.56
331027  ,59.50  ,-655.47
331277  ,59.25  ,-656.37
331527  ,59.25  ,-657.29
331777  ,59.25  ,-658.18
332026  ,59.75  ,-659.06
332276  ,60.00  ,-659.96
332526  ,59.00  ,-660.83
332776  ,59.25  ,-661.66
333026  ,60.00  ,-662.48
333276  ,59.50  ,-663.27
333526  ,59.50  ,-664.01
333776  ,59.75  ,-664.73
334026  ,60.00  ,-665.40
334276  ,60.00  ,-666.05
334526  ,60.25  ,-666.67
334776  ,60.00  ,-667.28
335026  ,60.25  ,-667.84
335276  ,60.25  ,-668.38
335538  ,60.25  ,-668.86
335791  ,60.25  ,-669.35
336043  ,60.50  ,-669.79
336294  ,60.25  ,-670.18
336546  ,60.50  ,-670.55
336798  ,60.50  ,-670.91
337050  ,60.25  ,-671.26
337303  ,60.75  ,-671.59
337555  ,60.50  ,-671.90
337807  ,61.00  ,-672.20
338059  ,60.50  ,-672.49
338328  ,60.75  ,-672.76
338582  ,60.50  ,-673.02
338834  ,61.00  ,-673.25
339086  ,60.75  ,-673.50
339338  ,60.75  ,-673.72
339590  ,61.50  ,-673.94
339843  ,61.25  ,-674.12
340094  ,60.75  ,-674.33
340346  ,61.00  ,-674.54
340601  ,61.00  ,-674.76
340853  ,61.00  ,-674.95
341105  ,60.75  ,-675.16
341358  ,61.00  ,-675.34
341610  ,61.25  ,-675.53
341862  ,61.25  ,-675.72
342114  ,61.25  ,-675.88
342367  ,61.50  ,-676.05
342619  ,61.25  ,-676.17
342871  ,61.00  ,-676.28
343123  ,61.50  ,-676.31
343375  ,61.50  ,-676.37
343627  ,61.00  ,-676.43
343879  ,61.00  ,-676.45
344132  ,61.50  ,-676.49
344384  ,61.50  ,-676.52
344636  ,61.25  ,-676.56
344889  ,61.25  ,-676.56
345141  ,61.25  ,-676.57
345396  ,61.25  ,-676.47
345648  ,61.25  ,-676.41
345900  ,61.00  ,-676.35
346152  ,61.50  ,-676.28
346404  ,61.00  ,-676.17
346656  ,61.00  ,-676.07
346909  ,61.25  ,-675.97
347161  ,61.25  ,-675.89
347413  ,60.75  ,-675.80
347665  ,61.00  ,-675.78
347918  ,61.50  ,-675.77
348170  ,61.00  ,-675.68
348422  ,61.50  ,-675.69
348675  ,61.50  ,-675.63
348926  ,60.50  ,-675.57
349178  ,61.00  ,-675.54
349430  ,60.75  ,-675.49
349683  ,61.25  ,-675.44
349935  ,61.25  ,-675.46
350187  ,61.00  ,-675.42
350442  ,61.50  ,-675.36
350695  ,61.50  ,-675.33
350947  ,61.50  ,-675.30
351199  ,61.00  ,-675.23
351452  ,61.50  ,-675.22
351704  ,60.50  ,-675.18
351955  ,61.75  ,-675.15
