0  ,26.25  ,0.00
4344  ,26.50  ,0.04
4593  ,25.75  ,0.04
4842  ,26.00  ,0.13
5092  ,26.25  ,0.20
5341  ,26.00  ,0.29
5590  ,25.75  ,0.33
5838  ,25.75  ,0.29
6090  ,26.50  ,0.20
6339  ,26.00  ,0.13
6589  ,26.25  ,0.09
6838  ,26.00  ,0.03
7087  ,26.00  ,-0.04
7335  ,25.75  ,-0.03
7585  ,26.25  ,0.06
7834  ,26.50  ,0.81
8083  ,26.00  ,1.02
8332  ,26.00  ,0.96
8582  ,25.50  ,0.92
8830  ,26.25  ,0.92
9079  ,26.50  ,0.96
9328  ,26.25  ,0.98
9578  ,26.00  ,0.90
9827  ,26.75  ,0.83
10076  ,26.25  ,0.81
10328  ,26.50  ,0.81
10577  ,26.25  ,0.85
10826  ,26.25  ,0.88
11075  ,26.00  ,0.89
11325  ,26.00  ,0.88
11574  ,26.25  ,0.93
11824  ,26.50  ,0.92
12072  ,26.50  ,0.09
12322  ,25.75  ,-0.21
12571  ,26.25  ,-0.22
12821  ,26.00  ,-0.22
13070  ,25.75  ,-0.22
13319  ,26.00  ,-0.27
13569  ,26.50  ,-0.29
13817  ,26.50  ,-0.33
14067  ,26.25  ,-0.37
14316  ,26.25  ,-0.36
14566  ,26.00  ,-0.36
14815  ,26.50  ,-0.39
15064  ,26.25  ,-0.43
15313  ,26.00  ,-0.45
15562  ,26.25  ,-0.49
15812  ,26.25  ,-0.52
16064  ,26.50  ,-0.56
16313  ,25.75  ,-0.57
16563  ,26.25  ,-0.59
16812  ,25.75  ,-0.62
17061  ,26.00  ,-0.64
17310  ,26.00  ,-0.68
17560  ,26.50  ,-0.71
17809  ,25.75  ,-0.75
18058  ,26.00  ,-0.81
18308  ,26.50  ,-0.82
18556  ,25.50  ,-0.86
18806  ,26.00  ,-0.92
19055  ,26.25  ,-0.98
19305  ,26.00  ,-1.04
19554  ,26.25  ,-1.07
19803  ,26.00  ,-1.13
20052  ,26.00  ,-1.19
20301  ,26.25  ,-1.18
20551  ,26.25  ,-1.24
20800  ,26.25  ,-1.30
21050  ,26.50  ,-1.36
21299  ,26.00  ,-1.40
21551  ,26.00  ,-1.46
21800  ,26.00  ,-1.49
22049  ,26.25  ,-1.51
22299  ,26.00  ,-1.51
22548  ,26.25  ,-1.51
22797  ,26.25  ,-1.55
23047  ,26.00  ,-1.57
23296  ,26.25  ,-1.58
23545  ,26.00  ,-1.57
23794  ,26.00  ,-1.56
24044  ,26.00  ,-1.59
24293  ,26.25  ,-1.58
24543  ,26.25  ,-1.57
24792  ,26.50  ,-1.58
25040  ,26.25  ,-1.58
25290  ,26.25  ,-1.57
25539  ,26.50  ,-1.56
25789  ,25.75  ,-1.57
26038  ,26.00  ,-1.57
26288  ,26.25  ,-1.58
26536  ,26.00  ,-1.61
26785  ,26.25  ,-1.63
27038  ,25.75  ,-1.66
27287  ,26.00  ,-1.67
27537  ,26.25  ,-1.69
27786  ,26.25  ,-1.70
28036  ,26.00  ,-1.73
28284  ,26.25  ,-1.75
28533  ,26.50  ,-1.78
28783  ,25.75  ,-1.81
29032  ,26.25  ,-1.84
29282  ,26.25  ,-1.87
29531  ,25.75  ,-1.91
29780  ,26.00  ,-1.95
30029  ,26.25  ,-2.00
30278  ,25.75  ,-2.03
30528  ,26.25  ,-2.07
30777  ,25.75  ,-2.10
31027  ,26.25  ,-2.15
31276  ,26.50  ,-2.19
31525  ,26.50  ,-2.23
31774  ,26.00  ,-2.27
32024  ,25.50  ,-2.31
32273  ,26.25  ,-2.35
32525  ,26.25  ,-2.40
32775  ,26.00  ,-2.43
33024  ,26.25  ,-2.47
33273  ,26.00  ,-2.51
33522  ,26.50  ,-2.55
33771  ,26.00  ,-2.58
34021  ,26.00  ,-2.61
34270  ,26.25  ,-2.61
34520  ,26.25  ,-2.64
34768  ,26.00  ,-2.67
35018  ,26.75  ,-2.68
35267  ,26.00  ,-2.71
35517  ,25.75  ,-2.72
35766  ,26.25  ,-2.73
36016  ,26.50  ,-2.74
36264  ,26.25  ,-2.75
36513  ,26.00  ,-2.76
36765  ,25.75  ,-2.77
37015  ,26.00  ,-2.78
37264  ,26.50  ,-2.78
37513  ,26.00  ,-2.78
37763  ,25.75  ,-2.78
38011  ,25.75  ,-2.78
38264  ,26.00  ,-2.79
38513  ,26.25  ,-2.79
38763  ,26.00  ,-2.80
39012  ,26.00  ,-2.80
39261  ,26.00  ,-2.80
39511  ,26.50  ,-2.82
39759  ,26.25  ,-2.83
40009  ,26.50  ,-2.84
40258  ,26.25  ,-2.86
40508  ,26.25  ,-2.93
40757  ,25.75  ,-2.95
41007  ,25.75  ,-2.95
41255  ,26.00  ,-2.97
41504  ,26.00  ,-2.99
41754  ,26.00  ,-3.00
42003  ,26.50  ,-3.02
42253  ,26.25  ,-3.01
42502  ,26.00  ,-3.02
42752  ,26.25  ,-3.01
43000  ,25.75  ,-3.02
43250  ,26.25  ,-3.03
43499  ,25.75  ,-3.09
43751  ,26.25  ,-3.10
44000  ,26.00  ,-3.12
44250  ,26.00  ,-3.11
44498  ,26.00  ,-3.11
44747  ,26.00  ,-3.09
44997  ,26.25  ,-3.04
45246  ,26.25  ,-3.05
45495  ,25.75  ,-3.08
45744  ,26.50  ,-3.10
45993  ,26.00  ,-3.09
46242  ,26.25  ,-3.14
46491  ,26.00  ,-3.16
46741  ,26.25  ,-3.21
46990  ,26.00  ,-3.21
47239  ,26.00  ,-3.23
47488  ,26.25  ,-3.28
47737  ,26.25  ,-3.33
47986  ,25.75  ,-3.30
48235  ,26.00  ,-3.31
48485  ,26.25  ,-3.32
48734  ,26.25  ,-3.33
48983  ,26.25  ,-3.34
49234  ,26.00  ,-3.33
49484  ,26.00  ,-3.35
49733  ,26.00  ,-3.36
49982  ,26.00  ,-3.37
50231  ,26.00  ,-3.36
50481  ,26.25  ,-3.36
50729  ,26.00  ,-3.33
50978  ,26.25  ,-3.30
51228  ,26.00  ,-3.29
51477  ,26.50  ,-3.29
51726  ,26.50  ,-3.27
51976  ,26.25  ,-3.24
52225  ,26.00  ,-3.22
52473  ,26.00  ,-3.23
52722  ,26.50  ,-3.23
52972  ,26.25  ,-3.23
53221  ,26.25  ,-3.24
53470  ,26.25  ,-3.25
53720  ,26.00  ,-3.25
53968  ,26.00  ,-3.26
54217  ,26.25  ,-3.27
54467  ,26.00  ,-3.25
54719  ,26.00  ,-3.25
54968  ,26.25  ,-3.26
55217  ,26.25  ,-3.27
55467  ,26.25  ,-3.30
55715  ,26.00  ,-3.32
55965  ,25.75  ,-3.34
56214  ,26.25  ,-3.34
56464  ,25.50  ,-3.34
56713  ,26.25  ,-3.36
56963  ,25.75  ,-3.34
57211  ,26.50  ,-3.35
57461  ,25.75  ,-3.33
57710  ,26.00  ,-3.33
57959  ,26.25  ,-3.35
58209  ,25.75  ,-3.32
58458  ,25.50  ,-3.30
58707  ,26.25  ,-3.29
58956  ,26.25  ,-3.30
59206  ,26.25  ,-3.30
59455  ,26.25  ,-3.28
59705  ,26.00  ,-3.29
59954  ,26.25  ,-3.26
60204  ,26.00  ,-3.24
60455  ,26.25  ,-3.24
60704  ,26.25  ,-3.25
60954  ,26.25  ,-3.25
61203  ,25.75  ,-3.24
61453  ,26.00  ,-3.25
61702  ,26.00  ,-3.23
61950  ,25.75  ,-3.23
62200  ,26.00  ,-3.23
62449  ,26.00  ,-3.23
62699  ,25.75  ,-3.24
62948  ,26.00  ,-3.26
63198  ,26.25  ,-3.26
63447  ,26.25  ,-3.26
63696  ,25.75  ,-3.27
63945  ,26.00  ,-3.26
64195  ,26.00  ,-3.27
64444  ,26.25  ,-3.28
64693  ,25.25  ,-3.30
64943  ,26.50  ,-3.29
65191  ,26.25  ,-3.30
65441  ,26.25  ,-3.31
65690  ,25.50  ,-3.30
65942  ,26.00  ,-3.30
66192  ,25.75  ,-3.33
66441  ,26.00  ,-3.34
66691  ,26.00  ,-3.35
66939  ,26.25  ,-3.36
67191  ,26.25  ,-3.38
67440  ,26.25  ,-3.38
67689  ,26.25  ,-3.39
67939  ,26.50  ,-3.41
68188  ,26.00  ,-3.43
68438  ,26.50  ,-3.46
68686  ,26.25  ,-3.46
68936  ,26.25  ,-3.47
69185  ,26.25  ,-3.47
69435  ,25.75  ,-3.50
69684  ,26.00  ,-3.49
69933  ,26.25  ,-3.50
70182  ,26.00  ,-3.51
70431  ,26.00  ,-3.54
70681  ,26.25  ,-3.54
70930  ,26.25  ,-3.56
71180  ,26.00  ,-3.59
71432  ,26.00  ,-3.60
71681  ,25.50  ,-3.60
71930  ,25.75  ,-3.63
72179  ,25.50  ,-3.63
72429  ,26.00  ,-3.63
72678  ,26.25  ,-3.63
72928  ,26.00  ,-3.64
73177  ,26.25  ,-3.64
73426  ,25.75  ,-3.64
73675  ,26.00  ,-3.65
73925  ,26.50  ,-3.64
74174  ,26.25  ,-3.65
74423  ,26.00  ,-3.66
74673  ,26.00  ,-3.66
74921  ,26.25  ,-3.65
75171  ,26.25  ,-3.65
75420  ,25.75  ,-3.64
75670  ,26.00  ,-3.62
75919  ,26.00  ,-3.62
76169  ,25.75  ,-3.60
76418  ,25.75  ,-3.58
76667  ,26.00  ,-3.60
76919  ,26.00  ,-3.62
77168  ,26.25  ,-3.62
77418  ,26.25  ,-3.64
77667  ,26.00  ,-3.66
77917  ,26.25  ,-3.66
78166  ,26.00  ,-3.64
78414  ,26.25  ,-3.64
78664  ,26.25  ,-3.61
78913  ,26.50  ,-3.60
79163  ,26.25  ,-3.59
79412  ,26.00  ,-3.59
79662  ,26.00  ,-3.58
79910  ,25.50  ,-3.56
80160  ,26.25  ,-3.54
80409  ,26.00  ,-3.51
80658  ,26.25  ,-3.52
80908  ,26.00  ,-3.53
81157  ,26.25  ,-3.51
81406  ,26.00  ,-3.45
81655  ,26.00  ,-3.38
81905  ,26.00  ,-3.33
82154  ,26.25  ,-3.27
82404  ,26.25  ,-3.24
82656  ,26.00  ,-3.22
82905  ,26.25  ,-3.16
83154  ,26.00  ,-3.09
83403  ,25.75  ,-3.08
83653  ,25.75  ,-3.05
83902  ,25.75  ,-2.94
84152  ,26.25  ,-2.83
84401  ,26.25  ,-2.85
84649  ,26.00  ,-3.11
84899  ,26.00  ,-3.01
85148  ,26.25  ,-2.90
85398  ,26.50  ,-3.26
85647  ,26.25  ,-4.52
85897  ,26.25  ,-4.88
86146  ,26.00  ,-4.78
86394  ,26.50  ,-4.71
86644  ,25.75  ,-4.40
86893  ,26.00  ,-0.15
87143  ,26.00  ,-0.14
87392  ,26.25  ,-1.15
87642  ,25.75  ,-2.89
87890  ,25.75  ,-5.17
88142  ,26.00  ,-5.35
88392  ,26.00  ,-5.39
88641  ,26.25  ,-5.95
88890  ,26.00  ,-8.51
89139  ,26.25  ,-8.47
89389  ,26.00  ,-8.83
89637  ,25.75  ,-9.31
89886  ,25.50  ,-8.88
90136  ,26.00  ,-7.19
90385  ,26.25  ,-6.21
90634  ,25.75  ,-6.32
90884  ,26.00  ,-6.33
91132  ,26.00  ,-11.46
91381  ,26.00  ,-13.87
91631  ,25.75  ,-14.89
91880  ,26.00  ,-13.88
92129  ,26.00  ,-11.01
92378  ,26.25  ,-8.66
92627  ,26.25  ,-8.41
92876  ,26.00  ,-8.37
93125  ,26.25  ,-8.02
93375  ,26.25  ,-6.20
93627  ,26.00  ,-4.59
93876  ,26.00  ,-4.37
94125  ,26.25  ,-3.93
94373  ,25.25  ,-3.94
94623  ,26.00  ,-4.30
94872  ,26.00  ,-4.41
95121  ,25.75  ,-4.41
95371  ,26.25  ,-4.47
95620  ,26.00  ,-3.54
95868  ,25.75  ,-2.46
96117  ,26.00  ,-2.39
96367  ,25.50  ,-2.39
96616  ,26.00  ,-2.40
96865  ,25.75  ,-2.35
97115  ,26.00  ,-1.91
97363  ,25.75  ,0.66
97612  ,26.00  ,5.89
97863  ,26.00  ,11.44
98112  ,25.75  ,20.99
98362  ,26.25  ,43.90
98611  ,26.25  ,64.33
98860  ,26.50  ,88.15
99111  ,26.00  ,113.42
99361  ,26.00  ,139.07
99610  ,25.75  ,167.92
99860  ,26.25  ,190.33
100109  ,26.25  ,205.67
100359  ,26.00  ,219.05
100608  ,26.00  ,244.27
100857  ,26.25  ,274.30
101106  ,26.00  ,315.65
101356  ,26.00  ,361.90
101605  ,26.25  ,409.98
101855  ,26.25  ,457.87
102104  ,26.25  ,501.88
102353  ,26.00  ,550.37
102602  ,26.00  ,588.65
102851  ,26.25  ,629.52
103101  ,26.00  ,672.21
103351  ,26.25  ,709.45
103600  ,26.00  ,744.68
103848  ,26.25  ,777.65
104098  ,26.25  ,810.20
104350  ,26.25  ,848.52
104600  ,26.25  ,897.95
104849  ,26.25  ,943.76
105099  ,26.25  ,976.58
105348  ,26.25  ,1000.26
105597  ,26.25  ,1017.30
105846  ,26.00  ,1037.30
106096  ,25.75  ,1059.04
106345  ,26.00  ,1072.44
106595  ,26.25  ,1082.59
106844  ,25.75  ,1090.31
107094  ,26.25  ,1095.00
107342  ,26.50  ,1100.14
107592  ,25.75  ,1108.05
107841  ,26.25  ,1116.76
108091  ,26.25  ,1127.18
108340  ,26.25  ,1136.47
108590  ,26.50  ,1142.02
108838  ,26.00  ,1142.02
109088  ,26.25  ,1136.56
109340  ,25.50  ,1126.62
109589  ,26.00  ,1116.07
109839  ,26.25  ,1107.95
110088  ,26.00  ,1102.41
110338  ,26.00  ,1092.93
110586  ,26.25  ,1082.57
110836  ,26.00  ,1072.98
111085  ,26.00  ,1038.94
111335  ,25.75  ,987.16
111584  ,26.00  ,929.28
111834  ,26.00  ,867.43
112082  ,25.75  ,801.49
112332  ,26.25  ,735.57
112581  ,26.25  ,669.49
112831  ,26.25  ,608.34
113080  ,26.00  ,557.64
113330  ,25.75  ,508.18
113579  ,26.25  ,464.01
113828  ,26.00  ,422.15
114077  ,26.25  ,383.29
114329  ,25.75  ,343.80
114579  ,26.00  ,304.60
114828  ,25.75  ,267.32
115078  ,26.00  ,255.82
115326  ,26.25  ,255.82
115576  ,26.25  ,263.74
115825  ,26.25  ,277.18
116075  ,26.25  ,292.82
116324  ,25.75  ,312.15
116574  ,26.50  ,333.21
116823  ,26.25  ,354.01
117072  ,26.25  ,367.96
117321  ,26.00  ,367.96
117571  ,25.75  ,363.77
117820  ,26.25  ,354.06
118070  ,26.25  ,351.64
118319  ,26.25  ,345.98
118568  ,26.25  ,338.09
118817  ,26.00  ,330.74
119067  ,26.25  ,325.59
119319  ,26.50  ,320.40
119568  ,26.25  ,313.60
119818  ,26.25  ,310.15
120067  ,26.25  ,305.25
120316  ,26.25  ,307.73
120565  ,25.75  ,307.72
120815  ,26.00  ,307.99
121064  ,26.00  ,307.20
121314  ,25.75  ,307.58
121563  ,26.25  ,316.99
121812  ,26.50  ,337.07
122061  ,25.75  ,362.38
122311  ,26.25  ,375.92
122560  ,25.75  ,389.96
122810  ,26.50  ,403.89
123059  ,26.25  ,412.96
123308  ,26.25  ,412.96
123557  ,25.75  ,394.19
123807  ,26.25  ,377.26
124056  ,26.25  ,359.17
124305  ,26.50  ,337.27
124558  ,26.25  ,315.36
124807  ,26.00  ,289.09
125057  ,26.25  ,267.00
125305  ,26.25  ,246.63
125555  ,26.25  ,226.20
125804  ,26.00  ,198.76
126054  ,26.25  ,175.29
126303  ,26.25  ,147.09
126553  ,26.00  ,116.26
126801  ,25.50  ,86.41
127050  ,26.25  ,55.08
127300  ,26.25  ,28.26
127550  ,25.75  ,19.73
127799  ,26.50  ,19.26
128048  ,26.25  ,18.82
128300  ,26.25  ,15.95
128548  ,25.75  ,15.34
128798  ,26.25  ,16.26
129047  ,26.25  ,16.28
129296  ,26.00  ,16.26
129546  ,26.25  ,14.86
129798  ,26.25  ,10.71
130046  ,26.25  ,5.66
130296  ,26.00  ,4.68
130545  ,26.25  ,3.32
130794  ,26.50  ,2.35
131044  ,25.50  ,2.57
131293  ,26.25  ,2.60
131542  ,26.25  ,2.90
131791  ,26.25  ,3.61
132040  ,26.25  ,5.35
132289  ,25.75  ,9.55
132539  ,25.75  ,14.37
132788  ,26.25  ,19.48
133037  ,26.25  ,27.32
133286  ,25.75  ,45.80
133535  ,26.25  ,66.09
133784  ,26.50  ,102.45
134034  ,26.25  ,135.46
134283  ,26.00  ,163.30
134532  ,26.25  ,181.75
134781  ,26.25  ,221.45
135032  ,26.25  ,266.86
135282  ,25.75  ,320.06
135531  ,26.00  ,380.33
135780  ,26.25  ,450.56
136030  ,26.25  ,516.92
136279  ,26.00  ,572.32
136527  ,26.50  ,632.94
136777  ,26.00  ,694.05
137026  ,26.25  ,745.47
137276  ,26.50  ,786.12
137525  ,26.25  ,825.60
137774  ,25.75  ,861.00
138022  ,26.00  ,877.97
138272  ,26.25  ,892.19
138521  ,26.25  ,923.27
138770  ,26.25  ,961.88
139020  ,26.25  ,984.51
139269  ,26.25  ,998.25
139518  ,26.25  ,1010.37
139767  ,26.50  ,1023.82
140016  ,26.50  ,1025.22
140268  ,26.25  ,1015.21
140518  ,26.50  ,1006.90
140767  ,26.25  ,1005.26
141017  ,26.50  ,996.61
141265  ,26.25  ,983.70
141515  ,26.00  ,960.09
141764  ,26.25  ,931.79
142014  ,25.75  ,901.29
142263  ,25.75  ,874.28
142513  ,26.25  ,850.40
142761  ,26.25  ,820.95
143011  ,25.75  ,788.19
143260  ,26.25  ,756.60
143510  ,26.25  ,727.75
143759  ,26.00  ,695.45
144009  ,26.25  ,680.16
144258  ,26.25  ,671.30
144507  ,26.25  ,671.30
144756  ,26.50  ,673.79
145006  ,26.00  ,683.63
145258  ,26.00  ,695.12
145507  ,26.00  ,705.69
145757  ,26.25  ,737.90
146007  ,26.25  ,774.62
146255  ,26.50  ,816.68
146504  ,25.75  ,858.05
146754  ,26.00  ,897.14
147004  ,26.25  ,934.06
147253  ,26.25  ,971.41
147502  ,26.50  ,1005.52
147751  ,26.25  ,1038.82
148000  ,26.25  ,1069.76
148250  ,26.25  ,1070.95
148499  ,26.00  ,1073.11
148749  ,26.25  ,1070.53
148998  ,26.25  ,1070.50
149248  ,26.25  ,1069.10
149496  ,26.25  ,1067.47
149746  ,26.00  ,1060.99
149995  ,26.50  ,1058.08
150248  ,26.00  ,1060.54
150497  ,26.00  ,1066.06
150747  ,26.50  ,1068.70
150995  ,26.00  ,1063.24
151245  ,26.25  ,1057.04
151494  ,26.25  ,1051.75
151744  ,26.00  ,1049.04
151993  ,26.00  ,1043.50
152243  ,26.25  ,1027.32
152492  ,26.25  ,1005.92
152740  ,26.25  ,984.76
152990  ,26.25  ,967.12
153240  ,26.25  ,940.76
153489  ,26.50  ,913.52
153738  ,26.00  ,891.55
153988  ,26.25  ,863.22
154237  ,26.25  ,848.50
154486  ,26.25  ,834.20
154735  ,26.50  ,823.26
154985  ,26.25  ,803.42
155237  ,26.25  ,786.96
155487  ,26.50  ,776.87
155736  ,26.25  ,771.15
155985  ,26.25  ,764.12
156234  ,26.25  ,757.36
156484  ,26.50  ,753.13
156733  ,26.25  ,763.50
156983  ,26.25  ,788.21
157232  ,26.00  ,809.47
157481  ,26.25  ,829.58
157730  ,25.75  ,847.99
157980  ,26.00  ,867.39
158229  ,26.00  ,879.82
158479  ,26.25  ,889.73
158728  ,26.00  ,896.33
158980  ,26.00  ,901.56
159228  ,26.25  ,898.74
159478  ,26.25  ,902.44
159727  ,26.25  ,904.87
159977  ,26.25  ,906.75
160226  ,26.00  ,908.73
160478  ,26.25  ,911.52
160728  ,26.00  ,912.77
160977  ,26.25  ,913.63
161226  ,26.50  ,915.55
161475  ,25.75  ,919.10
161725  ,26.25  ,923.16
161975  ,26.50  ,922.30
162224  ,26.25  ,902.47
162472  ,26.50  ,870.60
162722  ,26.25  ,824.18
162971  ,26.00  ,765.98
163221  ,26.25  ,709.10
163470  ,26.50  ,652.63
163720  ,26.00  ,596.80
163969  ,26.50  ,540.16
164218  ,26.25  ,482.51
164467  ,26.00  ,424.64
164717  ,26.25  ,365.95
164966  ,26.25  ,306.68
165216  ,26.25  ,248.79
165468  ,26.00  ,192.26
165718  ,26.25  ,133.62
165966  ,26.25  ,74.52
166216  ,26.00  ,37.20
166465  ,25.75  ,10.41
166715  ,26.50  ,-1.88
166964  ,26.50  ,-2.54
167213  ,26.00  ,-2.20
167462  ,26.00  ,-2.27
167711  ,26.50  ,-2.30
167961  ,26.00  ,-2.33
168210  ,26.00  ,-2.40
168460  ,26.00  ,-2.44
168709  ,26.25  ,-2.50
168958  ,26.25  ,-2.56
169207  ,26.25  ,-2.64
169457  ,26.50  ,-2.79
169706  ,26.50  ,-2.87
169956  ,25.75  ,-1.67
170205  ,26.00  ,-1.61
170455  ,26.25  ,-1.67
170706  ,26.25  ,-1.70
170955  ,26.50  ,-1.76
171204  ,26.25  ,-1.80
171454  ,26.25  ,-1.85
171703  ,26.00  ,-1.82
171952  ,26.50  ,-1.79
172201  ,26.25  ,-1.82
172450  ,25.75  ,-1.70
172699  ,26.25  ,-1.67
172948  ,26.25  ,-1.70
173198  ,26.25  ,-1.53
173447  ,26.00  ,-1.28
173696  ,26.25  ,-1.04
173945  ,26.25  ,-0.81
174194  ,26.25  ,-0.55
174443  ,26.25  ,-0.57
174693  ,25.75  ,-0.66
174942  ,25.75  ,-0.81
175191  ,26.00  ,-0.90
175440  ,26.25  ,-0.42
175689  ,26.25  ,1.96
175938  ,25.75  ,4.34
176190  ,26.00  ,7.57
176440  ,25.75  ,23.00
176689  ,25.75  ,80.53
176937  ,26.00  ,148.66
177187  ,26.25  ,217.31
177436  ,26.25  ,285.13
177685  ,26.00  ,349.94
177934  ,25.75  ,413.14
178184  ,26.00  ,473.93
178433  ,25.75  ,531.65
178681  ,26.25  ,587.95
178931  ,26.50  ,646.38
179180  ,26.00  ,708.23
179430  ,26.00  ,767.43
179679  ,26.25  ,824.37
179928  ,26.25  ,882.83
180177  ,26.25  ,939.22
180426  ,26.00  ,984.33
180675  ,26.00  ,989.18
180924  ,26.50  ,992.16
181174  ,26.00  ,983.37
181426  ,26.00  ,972.80
181675  ,26.25  ,961.54
181924  ,26.25  ,953.48
182174  ,26.50  ,947.87
182423  ,26.00  ,944.07
182672  ,26.25  ,938.56
182922  ,26.50  ,939.16
183172  ,26.00  ,939.40
183420  ,26.25  ,940.77
183669  ,26.25  ,940.77
183919  ,26.00  ,947.97
184168  ,26.25  ,957.91
184418  ,25.75  ,960.47
184667  ,26.00  ,963.51
184916  ,26.00  ,962.91
185165  ,26.00  ,957.83
185415  ,26.00  ,951.68
185664  ,26.25  ,943.76
185914  ,26.25  ,935.59
186163  ,26.25  ,925.04
186416  ,26.00  ,918.52
186664  ,26.00  ,916.26
186914  ,26.25  ,890.16
187163  ,26.50  ,878.51
187413  ,26.50  ,880.16
187662  ,25.75  ,892.91
187912  ,26.00  ,902.61
188161  ,26.25  ,898.93
188410  ,26.25  ,892.53
188659  ,26.00  ,887.93
188909  ,26.25  ,888.29
189158  ,26.00  ,891.33
189409  ,26.25  ,897.27
189659  ,26.25  ,906.12
189907  ,26.50  ,918.84
190157  ,26.00  ,925.83
190406  ,26.50  ,947.17
190656  ,25.75  ,959.95
190905  ,26.50  ,968.51
191155  ,26.00  ,970.81
191404  ,26.50  ,984.44
191651  ,26.50  ,990.50
191900  ,26.50  ,989.44
192150  ,26.50  ,977.36
192399  ,26.50  ,966.64
192649  ,26.25  ,959.61
192898  ,26.25  ,956.41
193147  ,25.75  ,954.64
193396  ,26.25  ,951.64
193646  ,26.25  ,941.96
193895  ,26.00  ,933.68
194145  ,26.50  ,929.25
194394  ,26.25  ,929.25
194642  ,26.50  ,929.65
194892  ,26.50  ,930.60
195142  ,26.00  ,929.91
195391  ,25.50  ,927.35
195640  ,26.50  ,925.49
195890  ,26.25  ,923.31
196140  ,26.50  ,918.24
196388  ,26.25  ,913.22
196640  ,26.25  ,909.80
196890  ,26.25  ,908.53
197139  ,26.25  ,906.68
197389  ,26.25  ,900.12
197638  ,26.50  ,891.63
197888  ,26.25  ,885.67
198136  ,26.00  ,885.93
198386  ,26.25  ,886.85
198635  ,26.75  ,883.84
198885  ,26.25  ,883.84
199134  ,26.00  ,885.94
199384  ,26.25  ,886.25
199632  ,26.50  ,889.65
199882  ,26.50  ,891.55
200131  ,26.50  ,894.92
200381  ,26.25  ,900.37
200630  ,26.25  ,905.53
200880  ,26.50  ,911.35
201128  ,26.50  ,918.94
201378  ,26.00  ,932.80
201630  ,26.50  ,951.78
201879  ,26.25  ,956.37
202129  ,26.00  ,956.37
202378  ,26.50  ,946.11
202628  ,25.75  ,933.91
202876  ,26.25  ,925.01
203126  ,26.50  ,943.00
203375  ,26.25  ,959.28
203625  ,25.75  ,974.20
203874  ,26.25  ,989.66
204124  ,26.50  ,1005.70
204372  ,26.25  ,1026.94
204622  ,26.25  ,1047.36
204871  ,26.25  ,1066.38
205121  ,26.50  ,1092.28
205370  ,26.00  ,1114.51
205620  ,26.00  ,1125.30
205869  ,25.75  ,1134.10
206118  ,26.25  ,1154.86
206367  ,26.00  ,1204.88
206617  ,26.00  ,1271.06
206869  ,26.25  ,1322.12
207118  ,25.75  ,1367.41
207368  ,26.25  ,1372.95
207618  ,26.25  ,1395.40
207866  ,26.25  ,1392.17
208115  ,26.00  ,1380.92
208365  ,26.25  ,1365.31
208615  ,26.25  ,1341.29
208864  ,26.75  ,1313.77
209113  ,26.25  ,1289.99
209362  ,26.50  ,1244.35
209612  ,26.50  ,1205.36
209861  ,26.00  ,1184.47
210110  ,25.50  ,1187.13
210360  ,25.50  ,1214.17
210609  ,26.25  ,1223.93
210859  ,26.00  ,1223.93
211107  ,26.00  ,1236.65
211357  ,26.25  ,1257.10
211609  ,25.50  ,1240.05
211858  ,26.25  ,1218.43
212108  ,25.75  ,1171.40
212357  ,26.00  ,1190.34
212605  ,25.25  ,1213.92
212855  ,26.00  ,1266.95
213104  ,26.00  ,1248.82
213353  ,26.00  ,1183.34
213603  ,26.00  ,1098.05
213852  ,25.50  ,1017.89
214100  ,25.75  ,971.46
214350  ,25.75  ,921.14
214599  ,25.50  ,841.38
214848  ,25.75  ,736.42
215098  ,26.00  ,629.68
215347  ,25.25  ,520.66
215597  ,25.75  ,406.73
215845  ,26.00  ,307.33
216094  ,26.00  ,241.94
216344  ,25.50  ,201.89
216595  ,25.50  ,186.82
216845  ,25.50  ,159.85
217094  ,25.50  ,125.26
217344  ,25.75  ,120.63
217592  ,25.75  ,189.12
217841  ,25.75  ,258.11
218090  ,25.50  ,318.39
218340  ,25.50  ,376.77
218589  ,25.50  ,427.25
218838  ,25.75  ,470.83
219087  ,25.75  ,522.11
219336  ,26.00  ,569.94
219585  ,25.75  ,614.59
219835  ,26.00  ,656.59
220086  ,26.25  ,704.71
220335  ,26.00  ,752.61
220583  ,26.00  ,801.56
220833  ,26.00  ,846.12
221082  ,25.75  ,866.76
221332  ,25.75  ,873.05
221581  ,26.00  ,878.21
221833  ,25.75  ,885.13
222082  ,26.00  ,884.78
222331  ,26.00  ,892.57
222580  ,26.00  ,892.57
222830  ,26.00  ,889.04
223079  ,26.00  ,878.84
223329  ,26.00  ,869.44
223578  ,25.50  ,865.99
223827  ,26.25  ,867.72
224076  ,25.75  ,865.18
224326  ,26.00  ,867.03
224575  ,26.00  ,867.32
224825  ,26.00  ,864.19
225074  ,26.00  ,857.24
225324  ,25.50  ,857.24
225572  ,26.00  ,867.78
225822  ,26.00  ,887.02
226071  ,26.00  ,910.67
226321  ,26.25  ,946.05
226570  ,26.00  ,999.22
226823  ,26.00  ,1055.26
227072  ,26.00  ,1118.87
227321  ,26.00  ,1152.96
227570  ,26.00  ,1176.97
227820  ,26.25  ,1215.10
228069  ,26.00  ,1254.15
228319  ,26.00  ,1300.51
228568  ,25.75  ,1347.66
228816  ,26.00  ,1389.59
229066  ,26.00  ,1436.24
229316  ,25.75  ,1481.99
229565  ,26.00  ,1527.01
229814  ,25.25  ,1574.81
230064  ,25.75  ,1609.39
230313  ,25.75  ,1599.78
230562  ,25.50  ,1576.58
230811  ,26.25  ,1530.00
231061  ,26.00  ,1481.03
231311  ,25.50  ,1426.04
231560  ,25.75  ,1367.46
231812  ,26.25  ,1342.61
232061  ,26.25  ,1331.25
232310  ,26.00  ,1300.17
232560  ,26.00  ,1261.28
232809  ,26.25  ,1209.81
233059  ,25.75  ,1156.18
233308  ,25.50  ,1109.22
233558  ,25.75  ,1059.23
233806  ,26.00  ,1004.23
234056  ,26.00  ,942.43
234305  ,25.50  ,892.59
234555  ,26.25  ,886.47
234804  ,25.75  ,886.47
235054  ,26.00  ,891.72
235302  ,25.75  ,902.02
235552  ,25.75  ,915.19
235801  ,26.25  ,933.18
236051  ,26.00  ,945.50
236300  ,25.75  ,955.10
236550  ,26.25  ,956.66
236802  ,26.25  ,952.07
237050  ,26.00  ,946.82
237300  ,25.50  ,946.32
237549  ,26.25  ,944.41
237799  ,25.75  ,939.62
238048  ,25.50  ,933.00
238298  ,26.00  ,934.46
238546  ,26.25  ,936.96
238796  ,26.00  ,936.34
239045  ,26.25  ,935.58
239295  ,26.00  ,926.78
239544  ,26.00  ,911.56
239794  ,26.00  ,895.15
240043  ,26.00  ,873.24
240292  ,26.25  ,852.62
240541  ,26.00  ,832.98
240791  ,25.75  ,816.66
241040  ,25.50  ,813.32
241290  ,25.75  ,816.21
241539  ,25.75  ,821.04
241788  ,26.25  ,822.46
242040  ,26.00  ,827.11
242289  ,26.25  ,833.79
242539  ,26.25  ,839.74
242789  ,26.25  ,836.81
243038  ,26.00  ,836.66
243287  ,26.25  ,836.46
243536  ,26.25  ,833.70
243786  ,25.75  ,835.99
244035  ,26.00  ,845.66
244284  ,26.25  ,840.21
244534  ,26.25  ,844.03
244784  ,26.25  ,848.99
245032  ,25.75  ,854.14
245281  ,25.50  ,857.72
245531  ,26.25  ,841.36
245781  ,26.00  ,825.21
246030  ,25.75  ,805.56
246279  ,25.75  ,787.22
246529  ,25.50  ,761.10
246777  ,25.75  ,724.55
247030  ,26.00  ,676.06
247279  ,26.00  ,629.26
247529  ,26.00  ,573.48
247778  ,25.75  ,517.05
248028  ,26.25  ,460.16
248276  ,26.25  ,403.91
248526  ,25.75  ,354.75
248775  ,25.75  ,314.52
249025  ,26.00  ,271.95
249274  ,26.00  ,227.45
249524  ,25.75  ,181.36
249773  ,25.50  ,142.88
250021  ,25.75  ,107.47
250271  ,25.50  ,75.00
250522  ,25.50  ,47.75
250772  ,25.75  ,26.21
251021  ,25.50  ,15.66
251270  ,25.50  ,6.91
251520  ,25.75  ,1.04
251768  ,25.50  ,-0.70
252018  ,25.75  ,-1.14
252270  ,25.50  ,0.07
252519  ,26.00  ,0.23
252769  ,26.00  ,0.59
253018  ,25.50  ,0.81
253266  ,25.75  ,0.78
253516  ,25.50  ,-3.48
253765  ,25.75  ,-4.41
254014  ,25.75  ,-4.83
254264  ,26.00  ,-5.60
254513  ,25.25  ,-5.55
254761  ,25.50  ,-7.48
255010  ,25.25  ,-7.56
255260  ,25.50  ,-6.38
255509  ,25.25  ,-4.38
255758  ,25.50  ,-4.42
256008  ,26.00  ,-4.45
256257  ,25.50  ,-4.49
256505  ,25.75  ,-4.59
256755  ,25.75  ,-4.66
257004  ,25.50  ,-4.64
257253  ,25.75  ,-4.61
257505  ,25.50  ,-4.57
257755  ,26.00  ,-4.49
258003  ,25.50  ,-4.43
258252  ,25.25  ,-4.39
258502  ,25.50  ,-4.35
258751  ,25.50  ,-4.35
259000  ,25.75  ,-4.37
259250  ,26.00  ,-4.29
259499  ,25.75  ,-4.24
259747  ,25.75  ,-4.27
259996  ,25.25  ,-4.25
260246  ,25.75  ,-4.21
260495  ,26.00  ,-4.15
260744  ,25.75  ,-4.11
260994  ,25.75  ,-4.06
261242  ,25.75  ,-4.02
261491  ,26.00  ,-3.99
261741  ,26.25  ,-3.95
261990  ,25.25  ,-3.91
262239  ,25.75  ,-3.87
262489  ,25.75  ,-3.87
262737  ,26.50  ,-3.88
262989  ,26.00  ,-3.92
263239  ,26.25  ,-3.97
263488  ,26.00  ,-3.98
263738  ,25.00  ,-4.03
263987  ,26.00  ,-4.07
264237  ,25.75  ,-4.08
264485  ,26.50  ,-4.04
264734  ,25.75  ,-4.01
265000  ,26.50  ,-4.01
265252  ,26.50  ,-4.05
265501  ,26.25  ,-4.04
265750  ,26.50  ,-3.99
266000  ,26.00  ,-4.02
266249  ,26.25  ,-4.08
266499  ,26.50  ,-4.04
266747  ,26.50  ,-4.05
266997  ,26.00  ,-3.93
267246  ,25.50  ,-3.94
267496  ,26.50  ,-3.83
267745  ,25.50  ,-3.78
267994  ,26.00  ,-3.67
268247  ,26.25  ,-3.56
268495  ,26.50  ,-3.54
268744  ,26.00  ,-3.56
268994  ,26.25  ,-3.63
269243  ,26.00  ,-3.65
269493  ,25.75  ,-3.61
269742  ,26.00  ,-3.61
269991  ,26.00  ,-3.78
270240  ,26.50  ,-3.99
270490  ,25.75  ,-4.18
270739  ,26.50  ,-4.36
270988  ,26.50  ,-4.84
271238  ,26.50  ,-5.41
271486  ,25.50  ,-6.00
271736  ,26.50  ,-6.47
271985  ,26.00  ,-7.02
272235  ,25.75  ,-7.54
272484  ,25.75  ,-8.07
272734  ,26.00  ,-8.54
272983  ,25.75  ,-9.01
273231  ,25.50  ,-9.25
273484  ,25.50  ,-9.40
273733  ,26.00  ,-9.39
273982  ,26.75  ,-9.47
274232  ,25.75  ,-9.55
274481  ,26.00  ,-9.48
274731  ,26.50  ,-9.33
274979  ,26.50  ,-9.10
275229  ,26.75  ,-8.73
275478  ,26.50  ,-8.22
275728  ,26.50  ,-7.70
275977  ,26.50  ,-7.23
276226  ,26.50  ,-6.70
276475  ,26.25  ,-6.20
276724  ,26.75  ,-5.70
276974  ,26.25  ,-5.21
277223  ,26.25  ,-4.74
277473  ,26.50  ,-4.11
277722  ,26.00  ,-3.84
277970  ,26.25  ,-3.19
278220  ,26.00  ,-3.20
278469  ,26.50  ,-3.11
278719  ,26.50  ,-3.01
278971  ,26.50  ,-2.96
279220  ,26.25  ,-2.85
279470  ,26.50  ,-2.83
279718  ,26.50  ,-2.81
279968  ,26.50  ,-2.79
280217  ,26.25  ,-2.78
280467  ,26.50  ,-2.78
280716  ,26.25  ,-2.79
280965  ,26.50  ,-2.82
281214  ,26.50  ,-2.84
281463  ,26.50  ,-2.87
281713  ,26.25  ,-3.23
281962  ,26.25  ,-3.66
282212  ,26.25  ,-3.67
282461  ,26.25  ,-3.77
282711  ,26.25  ,-3.77
282959  ,26.25  ,-3.79
283208  ,26.50  ,-3.81
283458  ,26.25  ,-3.87
283707  ,26.25  ,-3.94
283957  ,26.50  ,-4.02
284209  ,26.25  ,-4.01
284457  ,26.50  ,-4.06
284707  ,26.00  ,-4.07
284956  ,26.25  ,-4.14
285206  ,26.50  ,-4.27
285455  ,26.25  ,-4.26
285705  ,26.25  ,-4.23
285954  ,26.00  ,-4.27
286202  ,26.00  ,-4.35
286452  ,26.00  ,-4.48
286701  ,26.25  ,-4.55
286951  ,26.00  ,-4.67
287200  ,26.25  ,-4.81
287450  ,26.25  ,-4.92
287698  ,26.25  ,-5.01
287947  ,26.50  ,-4.96
288197  ,26.00  ,-4.95
288446  ,26.50  ,-4.86
288696  ,26.00  ,-4.92
288945  ,26.50  ,-4.93
289195  ,26.00  ,-4.96
289446  ,26.00  ,-4.95
289695  ,26.50  ,-4.84
289945  ,26.00  ,-4.91
290194  ,25.75  ,-4.92
290444  ,25.75  ,-4.90
290693  ,26.25  ,-4.81
290941  ,26.50  ,-4.70
291191  ,26.50  ,-4.70
291440  ,25.50  ,-4.66
291690  ,26.50  ,-4.56
291939  ,26.25  ,-4.50
292189  ,26.25  ,-4.46
292438  ,26.25  ,-4.53
292687  ,26.25  ,-4.55
292936  ,26.50  ,-4.52
293185  ,26.00  ,-4.49
293435  ,26.50  ,-4.44
293684  ,26.50  ,-4.43
293934  ,26.50  ,-4.41
294182  ,26.25  ,-4.41
294432  ,26.50  ,-4.46
294681  ,26.00  ,-4.44
294933  ,26.00  ,-4.39
295182  ,26.50  ,-4.48
295434  ,26.75  ,-4.66
295683  ,25.75  ,-4.93
295931  ,26.50  ,-5.10
296180  ,26.25  ,-5.21
296430  ,26.00  ,-5.49
296679  ,26.00  ,-5.77
296928  ,26.00  ,-6.19
297178  ,26.25  ,-6.54
297426  ,26.00  ,-6.75
297675  ,26.50  ,-6.84
297924  ,26.50  ,-6.99
298174  ,26.00  ,-7.13
298423  ,26.00  ,-7.27
298672  ,26.25  ,-7.49
298921  ,26.25  ,-7.63
299170  ,26.50  ,-7.93
299419  ,25.75  ,-8.11
299668  ,26.00  ,-8.25
299918  ,26.25  ,-8.14
300170  ,26.50  ,-8.04
300419  ,26.75  ,-8.00
300667  ,26.00  ,-8.06
300917  ,26.25  ,-8.00
301166  ,26.00  ,-7.84
301415  ,25.75  ,-7.66
301664  ,26.75  ,-7.56
301914  ,26.50  ,-7.63
302162  ,26.50  ,-7.78
302411  ,26.50  ,-7.91
302661  ,26.25  ,-8.06
302910  ,26.25  ,-8.24
303159  ,26.00  ,-8.33
303408  ,26.00  ,-8.22
303657  ,26.50  ,-8.15
303906  ,26.00  ,-8.06
304155  ,26.50  ,-7.85
304405  ,26.50  ,-7.78
304654  ,26.25  ,-7.87
304903  ,26.50  ,-8.03
305152  ,25.75  ,-8.22
305404  ,26.25  ,-8.26
305653  ,26.00  ,-8.06
305902  ,26.50  ,-8.22
306152  ,26.00  ,-8.42
306401  ,26.50  ,-8.56
306651  ,26.00  ,-8.70
306899  ,26.25  ,-8.86
307149  ,26.00  ,-8.91
307398  ,26.00  ,-9.02
307648  ,26.00  ,-9.17
307897  ,26.50  ,-9.46
308146  ,25.75  ,-9.82
308396  ,26.25  ,-10.30
308644  ,26.00  ,-10.75
308894  ,26.25  ,-11.16
309143  ,26.25  ,-11.41
309393  ,26.25  ,-11.63
309642  ,26.50  ,-11.83
309892  ,26.50  ,-12.16
310140  ,26.50  ,-12.39
310389  ,26.25  ,-12.58
310642  ,26.50  ,-12.77
310891  ,26.00  ,-12.96
311141  ,26.00  ,-13.14
311390  ,26.50  ,-13.31
311639  ,25.75  ,-13.49
311888  ,26.25  ,-13.64
312137  ,26.75  ,-13.78
312387  ,26.50  ,-13.88
312636  ,26.00  ,-13.98
312886  ,26.25  ,-14.09
313135  ,26.00  ,-14.20
313384  ,26.25  ,-14.28
313633  ,26.00  ,-14.35
313883  ,25.75  ,-14.40
314132  ,26.00  ,-14.45
314382  ,26.25  ,-14.49
314631  ,26.50  ,-14.52
314881  ,26.50  ,-14.52
315129  ,26.00  ,-14.54
315379  ,26.50  ,-14.55
315628  ,26.00  ,-14.55
315881  ,26.25  ,-14.55
316130  ,26.50  ,-14.54
316380  ,26.25  ,-14.52
316628  ,26.25  ,-14.51
316878  ,26.25  ,-14.53
317127  ,26.50  ,-14.54
317376  ,26.00  ,-14.53
317626  ,26.50  ,-14.39
317876  ,26.50  ,-13.72
318125  ,26.00  ,-12.92
318373  ,26.50  ,-11.97
318623  ,26.50  ,-11.48
318872  ,26.50  ,-11.10
319122  ,26.50  ,-10.99
319371  ,26.25  ,-10.87
319621  ,26.50  ,-10.42
319869  ,26.25  ,-9.99
320119  ,26.00  ,-9.28
320368  ,25.75  ,-8.71
320618  ,26.50  ,-8.61
320867  ,26.50  ,-8.29
321115  ,26.00  ,-7.91
321363  ,26.00  ,-7.32
321613  ,25.50  ,-6.21
321862  ,26.25  ,-4.65
322112  ,26.00  ,-4.96
322361  ,26.00  ,-5.52
322611  ,26.00  ,-6.50
322860  ,25.75  ,-8.51
323109  ,25.75  ,-9.42
323358  ,25.50  ,-10.69
323608  ,25.75  ,-11.97
323857  ,25.25  ,-13.15
324106  ,25.50  ,-14.71
324356  ,26.50  ,-16.76
324605  ,26.50  ,-19.24
324854  ,26.50  ,-19.94
325103  ,26.25  ,-20.40
325353  ,26.50  ,-20.82
325602  ,25.75  ,-21.18
325852  ,26.50  ,-21.74
326106  ,26.00  ,-22.96
326354  ,26.50  ,-23.39
326604  ,26.50  ,-23.39
326853  ,26.50  ,-23.35
327103  ,26.25  ,-22.99
327352  ,25.75  ,-22.54
327602  ,26.25  ,-21.53
327851  ,26.50  ,-20.33
328100  ,26.00  ,-18.51
328349  ,26.50  ,-17.43
328599  ,25.75  ,-16.29
328848  ,26.50  ,-14.61
329098  ,26.50  ,-14.22
329347  ,26.25  ,-14.07
329596  ,26.00  ,-13.96
329845  ,26.25  ,-13.94
330095  ,25.50  ,-13.95
330344  ,26.50  ,-13.99
330594  ,26.00  ,-14.02
330843  ,26.25  ,-14.11
331091  ,26.50  ,-14.25
331344  ,26.25  ,-14.31
331593  ,26.25  ,-14.39
331843  ,26.25  ,-14.48
332092  ,26.75  ,-14.60
332342  ,26.50  ,-14.74
332591  ,26.25  ,-14.86
332840  ,26.25  ,-14.99
333089  ,26.50  ,-15.15
333339  ,26.50  ,-15.44
333588  ,26.50  ,-15.56
333838  ,26.50  ,-15.68
334087  ,26.50  ,-16.00
334337  ,26.00  ,-16.33
334585  ,26.25  ,-16.54
334835  ,26.50  ,-16.58
335084  ,26.50  ,-16.64
335334  ,26.00  ,-16.70
335583  ,26.25  ,-16.73
335832  ,26.25  ,-16.76
336081  ,26.25  ,-16.76
336333  ,26.00  ,-16.75
336582  ,25.00  ,-16.72
336832  ,25.50  ,-16.65
337081  ,25.50  ,-16.67
337330  ,25.75  ,-16.63
337580  ,25.75  ,-16.35
337828  ,25.50  ,-16.18
338077  ,26.00  ,-16.16
338327  ,25.50  ,-16.06
338576  ,25.75  ,-16.12
338825  ,26.00  ,-16.53
339075  ,25.75  ,-18.63
339323  ,25.50  ,-18.98
339572  ,25.50  ,-19.33
339822  ,25.75  ,-20.01
340071  ,25.25  ,-21.29
340320  ,25.25  ,-22.93
340570  ,25.25  ,-22.87
340818  ,25.75  ,-22.79
341067  ,25.75  ,-22.80
341317  ,26.00  ,-22.91
341578  ,25.75  ,-22.83
341830  ,26.00  ,-22.77
342081  ,25.25  ,-22.71
342333  ,25.25  ,-22.63
342584  ,25.75  ,-22.64
342836  ,25.75  ,-22.73
343087  ,26.00  ,-21.99
343337  ,25.75  ,-19.72
343589  ,25.75  ,-18.06
343840  ,25.75  ,-17.69
344092  ,25.50  ,-17.29
344343  ,26.00  ,-16.56
344595  ,25.75  ,-15.26
344846  ,25.75  ,-15.22
345098  ,25.50  ,-15.27
345349  ,25.50  ,-15.36
345600  ,25.25  ,-15.40
345851  ,25.75  ,-15.40
346102  ,25.75  ,-15.44
346354  ,25.25  ,-15.51
346608  ,25.75  ,-15.60
346860  ,25.50  ,-15.67
347111  ,25.25  ,-15.67
347363  ,25.50  ,-15.69
347614  ,25.50  ,-15.71
347866  ,25.50  ,-15.71
348116  ,25.25  ,-15.72
348368  ,25.75  ,-15.74
348620  ,25.75  ,-15.74
348871  ,25.75  ,-15.76
349123  ,25.75  ,-15.80
349374  ,25.50  ,-15.85
349626  ,25.75  ,-15.86
349878  ,26.00  ,-15.87
350129  ,25.75  ,-15.89
350381  ,25.75  ,-15.86
350631  ,26.00  ,-15.85
350883  ,25.25  ,-15.79
351135  ,25.75  ,-15.76
351386  ,25.75  ,-15.71
351638  ,25.50  ,-15.67
351892  ,26.00  ,-15.65
352144  ,25.75  ,-15.63
352395  ,26.00  ,-15.63
352647  ,25.75  ,-15.58
352898  ,26.25  ,-15.62
353149  ,25.75  ,-15.71
353401  ,26.25  ,-15.73
353652  ,26.25  ,-15.77
353904  ,26.00  ,-15.79
354155  ,26.00  ,-15.82
354407  ,26.25  ,-15.82
354659  ,26.00  ,-15.72
354910  ,26.00  ,-15.72
355162  ,25.75  ,-15.71
355412  ,26.25  ,-15.73
355664  ,26.00  ,-15.76
355916  ,26.00  ,-15.77
356167  ,26.00  ,-15.86
356419  ,25.75  ,-15.93
356672  ,25.75  ,-16.03
356926  ,26.00  ,-16.09
357178  ,26.00  ,-16.18
357429  ,26.00  ,-16.21
357681  ,26.25  ,-16.06
357933  ,26.25  ,-16.07
358183  ,25.25  ,-16.03
358435  ,26.25  ,-16.06
358686  ,26.25  ,-16.07
358938  ,25.50  ,-16.14
359190  ,25.75  ,-16.31
359441  ,26.00  ,-16.33
359693  ,25.75  ,-16.33
359944  ,25.75  ,-16.38
360196  ,26.50  ,-16.40
360446  ,26.25  ,-16.48
360698  ,26.25  ,-16.47
360950  ,25.75  ,-16.49
361201  ,26.25  ,-16.45
361453  ,26.50  ,-16.48
361704  ,26.25  ,-16.47
361956  ,26.00  ,-16.38
362210  ,26.50  ,-16.42
362462  ,25.75  ,-16.48
362714  ,25.25  ,-16.51
362964  ,26.00  ,-16.45
363216  ,25.75  ,-16.46
363467  ,25.75  ,-16.43
363719  ,26.00  ,-16.40
363970  ,25.50  ,-16.45
364222  ,25.00  ,-16.48
364474  ,25.75  ,-16.54
364725  ,26.00  ,-16.60
364977  ,26.00  ,-16.63
365228  ,25.50  ,-16.73
365479  ,25.25  ,-16.77
365731  ,26.25  ,-16.79
365982  ,25.75  ,-16.71
366234  ,26.00  ,-16.75
366485  ,26.25  ,-16.86
366737  ,25.75  ,-16.86
366989  ,25.75  ,-16.81
367243  ,25.25  ,-16.83
367495  ,25.00  ,-16.82
367746  ,25.75  ,-16.84
367997  ,25.75  ,-16.88
368248  ,26.00  ,-16.84
368500  ,25.75  ,-16.83
368752  ,26.25  ,-16.82
369003  ,25.50  ,-16.75
369255  ,25.75  ,-16.64
369506  ,25.25  ,-16.53
369758  ,25.75  ,-16.44
370009  ,25.25  ,-16.36
370260  ,25.75  ,-16.37
370512  ,25.25  ,-16.41
370763  ,25.25  ,-16.38
371015  ,25.50  ,-16.34
371266  ,25.25  ,-16.36
371518  ,25.75  ,-16.35
371770  ,25.50  ,-16.31
372021  ,25.75  ,-16.34
372273  ,25.25  ,-16.35
372527  ,25.25  ,-16.33
372779  ,26.00  ,-16.37
373029  ,25.75  ,-16.35
373281  ,25.75  ,-16.39
373532  ,25.50  ,-16.45
373784  ,25.50  ,-16.52
374036  ,26.00  ,-16.56
374287  ,25.50  ,-16.62
374539  ,25.75  ,-16.68
374790  ,25.75  ,-16.69
375042  ,26.00  ,-16.72
375293  ,25.75  ,-16.74
375544  ,25.75  ,-16.78
375796  ,25.25  ,-16.79
376047  ,25.75  ,-16.83
376299  ,25.25  ,-16.90
376551  ,25.75  ,-16.85
376802  ,25.50  ,-17.76
377054  ,25.75  ,-20.53
377305  ,25.25  ,-19.14
377560  ,26.00  ,-19.23
377810  ,25.25  ,-19.20
378061  ,25.50  ,-19.19
378313  ,25.75  ,-19.21
378564  ,25.75  ,-19.26
378816  ,25.50  ,-19.26
379067  ,25.75  ,-19.26
379319  ,25.50  ,-19.30
379570  ,25.25  ,-19.36
379821  ,25.50  ,-19.44
380072  ,25.50  ,-19.50
380323  ,25.75  ,-19.56
380575  ,25.25  ,-19.62
380826  ,25.00  ,-18.75
381078  ,25.75  ,-20.15
381329  ,25.50  ,-17.42
381580  ,25.50  ,-17.36
381832  ,25.50  ,-17.47
382083  ,25.75  ,-17.48
382334  ,25.75  ,-17.51
382585  ,25.75  ,-17.54
382839  ,25.75  ,-17.54
383091  ,26.00  ,-17.55
383342  ,25.50  ,-17.54
383594  ,25.50  ,-17.56
383845  ,25.50  ,-17.52
384097  ,25.75  ,-17.47
384348  ,25.50  ,-17.43
384599  ,25.75  ,-17.37
384850  ,26.00  ,-17.31
385101  ,25.50  ,-17.26
385353  ,26.25  ,-17.22
385604  ,25.00  ,-17.21
385855  ,25.50  ,-17.23
386107  ,25.50  ,-17.22
386358  ,26.00  ,-17.20
386610  ,25.25  ,-17.20
386861  ,25.50  ,-17.21
387112  ,25.50  ,-17.22
387365  ,26.00  ,-17.23
387616  ,25.75  ,-17.24
387870  ,25.00  ,-17.26
388122  ,25.00  ,-17.25
388373  ,25.50  ,-17.30
388625  ,25.50  ,-17.36
388877  ,25.50  ,-17.38
389128  ,25.50  ,-17.38
389380  ,25.75  ,-17.35
389630  ,25.75  ,-17.40
389882  ,25.50  ,-17.33
390134  ,25.50  ,-17.27
390385  ,25.75  ,-17.26
390637  ,26.00  ,-17.32
390888  ,25.75  ,-17.26
391140  ,25.75  ,-17.26
391392  ,26.00  ,-17.21
391643  ,25.25  ,-17.20
391895  ,25.50  ,-17.17
392145  ,25.75  ,-17.13
392397  ,25.75  ,-17.11
392648  ,25.50  ,-17.10
392900  ,26.00  ,-17.03
393154  ,25.75  ,-16.95
393406  ,26.00  ,-16.91
393658  ,25.50  ,-16.94
393909  ,25.75  ,-16.98
394161  ,25.75  ,-16.99
394412  ,25.50  ,-17.01
394663  ,26.00  ,-17.01
394915  ,25.50  ,-16.97
395166  ,25.50  ,-16.94
395418  ,25.00  ,-16.94
395669  ,25.25  ,-16.83
395921  ,26.00  ,-16.77
396173  ,25.75  ,-16.73
396424  ,25.50  ,-16.73
396676  ,25.50  ,-16.72
396926  ,25.75  ,-16.72
397178  ,26.00  ,-16.71
397429  ,24.75  ,-16.74
397681  ,25.75  ,-16.73
397933  ,25.50  ,-16.74
398187  ,25.25  ,-16.73
398439  ,25.75  ,-16.72
398690  ,26.00  ,-16.70
398942  ,25.50  ,-16.74
399193  ,25.50  ,-16.76
399444  ,25.50  ,-16.81
399695  ,25.75  ,-16.77
399947  ,25.25  ,-16.82
400199  ,25.50  ,-16.86
400450  ,25.25  ,-16.87
400702  ,25.50  ,-16.86
400954  ,25.25  ,-16.85
401205  ,26.00  ,-16.87
401457  ,25.50  ,-16.89
401708  ,25.50  ,-16.92
401959  ,25.25  ,-16.92
402210  ,25.75  ,-16.96
402462  ,26.00  ,-16.96
402714  ,25.25  ,-16.98
402965  ,25.25  ,-17.02
403217  ,25.75  ,-17.03
403471  ,25.75  ,-17.03
403723  ,25.25  ,-17.05
403974  ,24.75  ,-17.04
404226  ,25.00  ,-17.08
404476  ,24.75  ,-17.10
404728  ,25.75  ,-17.13
404980  ,25.50  ,-17.16
405231  ,25.50  ,-17.18
405483  ,25.25  ,-17.18
405734  ,25.25  ,-17.19
405986  ,25.75  ,-17.19
406238  ,25.75  ,-17.17
406489  ,25.75  ,-17.17
406740  ,25.25  ,-17.17
406991  ,25.50  ,-17.16
407243  ,25.50  ,-17.18
407495  ,25.50  ,-17.18
407746  ,25.25  ,-17.19
407998  ,25.75  ,-17.21
408249  ,25.75  ,-17.22
408504  ,25.75  ,-17.23
408755  ,25.75  ,-17.25
409007  ,25.25  ,-17.26
409257  ,25.75  ,-17.29
409509  ,25.75  ,-17.31
409761  ,25.75  ,-17.33
410012  ,25.75  ,-17.36
410264  ,25.75  ,-17.39
410515  ,25.50  ,-17.42
410767  ,25.75  ,-17.45
411019  ,26.00  ,-17.47
411270  ,24.75  ,-17.52
411522  ,25.25  ,-17.56
411772  ,25.25  ,-17.59
412024  ,25.50  ,-17.63
412275  ,26.00  ,-17.67
412527  ,25.50  ,-17.71
412779  ,25.50  ,-17.75
413030  ,25.25  ,-17.79
413282  ,25.25  ,-17.83
413533  ,25.75  ,-17.86
413788  ,25.50  ,-17.90
414039  ,25.25  ,-17.95
414290  ,25.25  ,-17.99
414542  ,25.75  ,-18.05
414793  ,25.50  ,-18.09
415045  ,25.75  ,-18.15
415296  ,25.25  ,-18.20
415548  ,25.75  ,-18.24
415800  ,25.75  ,-18.29
416051  ,25.25  ,-18.32
416303  ,25.00  ,-18.37
416553  ,25.50  ,-18.41
416805  ,25.25  ,-18.44
417056  ,25.25  ,-18.49
417308  ,25.75  ,-18.54
417560  ,25.50  ,-18.59
417811  ,25.50  ,-18.64
418065  ,25.50  ,-18.68
418317  ,25.75  ,-18.72
418568  ,25.50  ,-18.75
418822  ,25.50  ,-18.78
419074  ,25.50  ,-18.81
419324  ,24.75  ,-18.85
419576  ,25.50  ,-18.88
419827  ,25.75  ,-18.92
420079  ,25.50  ,-18.95
420330  ,25.75  ,-18.96
420582  ,25.75  ,-19.01
420833  ,26.25  ,-19.03
421084  ,25.00  ,-19.06
421336  ,25.75  ,-19.07
421586  ,25.25  ,-19.07
421838  ,25.25  ,-19.08
422089  ,25.50  ,-19.09
422341  ,25.25  ,-19.09
422592  ,25.50  ,-19.11
422844  ,26.00  ,-19.12
423095  ,25.25  ,-19.10
423346  ,25.50  ,-19.09
423598  ,25.75  ,-19.07
423848  ,25.25  ,-19.05
424098  ,25.75  ,-19.02
424349  ,25.50  ,-19.00
424601  ,25.50  ,-18.97
424852  ,25.50  ,-18.94
425103  ,25.50  ,-18.90
425355  ,25.50  ,-18.85
425606  ,25.50  ,-18.81
425858  ,25.50  ,-18.77
426108  ,25.25  ,-18.73
426360  ,25.75  ,-18.69
426611  ,25.50  ,-18.64
426863  ,25.50  ,-18.60
427114  ,25.50  ,-18.55
427365  ,25.25  ,-18.52
427617  ,25.50  ,-18.51
427868  ,25.50  ,-18.49
428120  ,25.50  ,-18.48
428370  ,25.50  ,-18.47
428622  ,25.75  ,-18.47
428873  ,25.25  ,-18.45
429127  ,25.25  ,-18.46
429379  ,25.50  ,-18.48
429630  ,25.50  ,-18.48
429882  ,25.50  ,-18.49
429882  ,25.25  ,-18.49
430385  ,25.50  ,-18.50
430636  ,25.50  ,-18.53
430887  ,26.00  ,-18.54
431138  ,25.75  ,-18.57
431390  ,25.50  ,-18.57
431642  ,25.75  ,-18.59
431893  ,26.00  ,-18.62
432145  ,25.75  ,-18.63
432397  ,25.75  ,-18.64
432648  ,25.25  ,-18.65
432900  ,25.50  ,-18.65
433150  ,25.50  ,-18.67
433402  ,25.75  ,-18.66
433654  ,25.25  ,-18.67
433905  ,25.75  ,-18.68
434159  ,25.50  ,-18.69
434411  ,25.50  ,-18.72
434663  ,25.50  ,-18.74
434914  ,25.50  ,-18.75
435166  ,26.00  ,-18.77
435418  ,25.25  ,-18.80
435668  ,25.50  ,-18.82
435920  ,25.50  ,-18.83
436171  ,25.00  ,-18.86
436423  ,25.25  ,-18.89
436674  ,25.75  ,-18.93
436926  ,25.75  ,-18.96
437178  ,25.25  ,-18.98
437429  ,25.50  ,-19.02
437681  ,25.50  ,-19.05
437932  ,25.50  ,-19.09
438183  ,25.50  ,-19.12
438435  ,25.50  ,-19.14
438686  ,25.25  ,-19.16
438938  ,25.25  ,-19.20
439189  ,25.50  ,-19.23
439444  ,25.25  ,-19.24
439695  ,25.50  ,-19.25
439947  ,25.25  ,-19.27
440199  ,25.50  ,-19.31
440450  ,25.00  ,-19.35
440701  ,25.50  ,-19.39
440952  ,25.25  ,-19.42
441204  ,25.50  ,-19.45
441456  ,25.25  ,-19.48
441707  ,25.75  ,-19.53
441959  ,24.75  ,-19.57
442210  ,25.50  ,-19.64
442462  ,25.75  ,-19.69
442714  ,25.50  ,-19.76
442964  ,25.00  ,-19.83
443216  ,25.75  ,-19.90
443467  ,25.50  ,-19.98
443719  ,25.50  ,-20.05
443971  ,25.50  ,-20.14
444222  ,25.50  ,-20.20
444477  ,25.50  ,-20.27
444728  ,25.75  ,-20.35
444980  ,25.50  ,-20.43
445231  ,25.75  ,-20.51
445483  ,25.50  ,-20.60
445733  ,25.25  ,-20.68
445985  ,25.25  ,-20.75
446237  ,25.50  ,-20.82
446488  ,25.00  ,-20.88
446740  ,25.50  ,-20.95
446991  ,25.75  ,-21.03
447243  ,25.50  ,-21.11
447495  ,25.50  ,-21.18
447746  ,25.00  ,-21.26
447997  ,25.25  ,-21.34
448248  ,25.25  ,-21.42
448500  ,25.00  ,-21.49
448752  ,25.75  ,-21.57
449005  ,25.75  ,-21.61
449257  ,25.50  ,-21.67
449508  ,25.75  ,-21.73
449762  ,25.50  ,-21.79
450014  ,25.50  ,-21.84
450266  ,25.50  ,-21.89
450516  ,25.00  ,-21.92
450768  ,24.75  ,-21.99
451019  ,25.75  ,-22.01
451271  ,25.50  ,-22.05
451523  ,25.00  ,-22.08
451774  ,25.50  ,-22.12
452026  ,25.50  ,-22.17
452277  ,25.50  ,-22.22
452529  ,25.50  ,-22.25
452781  ,25.00  ,-22.31
453031  ,25.50  ,-22.34
453283  ,25.50  ,-22.39
453534  ,25.75  ,-22.44
453786  ,25.50  ,-22.48
454038  ,25.25  ,-22.49
454289  ,25.50  ,-22.55
454541  ,25.50  ,-22.61
454795  ,25.25  ,-22.69
455047  ,25.25  ,-22.77
455298  ,25.50  ,-22.86
455549  ,25.75  ,-22.97
455800  ,25.50  ,-23.07
456052  ,25.00  ,-23.17
456304  ,25.75  ,-23.27
456555  ,25.50  ,-23.37
456807  ,25.25  ,-23.50
457058  ,25.50  ,-23.62
457310  ,25.00  ,-23.74
457561  ,25.25  ,-23.90
457812  ,25.50  ,-24.03
458064  ,25.50  ,-24.19
458315  ,25.25  ,-24.35
458567  ,26.00  ,-24.51
458818  ,25.50  ,-24.66
459070  ,25.50  ,-24.80
459322  ,25.50  ,-24.94
459573  ,25.50  ,-25.09
459825  ,25.50  ,-25.25
460079  ,25.00  ,-25.40
460329  ,25.50  ,-25.59
460581  ,25.50  ,-25.77
460832  ,25.75  ,-25.95
461084  ,25.75  ,-26.13
461335  ,25.25  ,-26.35
461587  ,25.50  ,-26.56
461838  ,25.50  ,-26.78
462090  ,25.75  ,-27.04
462341  ,25.50  ,-27.31
462592  ,25.50  ,-27.57
462843  ,25.50  ,-27.84
463094  ,25.50  ,-28.15
463346  ,25.50  ,-28.44
463597  ,25.50  ,-28.74
463849  ,25.00  ,-29.04
464100  ,25.75  ,-29.34
464351  ,25.75  ,-29.63
464603  ,25.50  ,-29.94
464854  ,26.00  ,-30.27
465107  ,25.75  ,-30.59
465359  ,25.75  ,-30.91
465610  ,25.50  ,-31.24
465862  ,25.50  ,-31.57
466113  ,25.75  ,-31.87
466365  ,25.50  ,-32.18
466616  ,25.75  ,-32.53
466868  ,25.75  ,-32.89
467119  ,25.75  ,-33.24
467369  ,25.25  ,-33.60
467621  ,25.50  ,-33.98
467872  ,25.50  ,-34.38
468124  ,25.50  ,-34.79
468375  ,25.25  ,-35.23
468626  ,25.50  ,-35.64
468878  ,25.75  ,-36.06
469129  ,25.75  ,-36.49
469381  ,25.25  ,-36.89
469632  ,25.50  ,-37.29
469883  ,26.00  ,-37.72
470134  ,25.50  ,-38.16
470388  ,25.75  ,-38.58
470640  ,25.75  ,-38.99
470892  ,25.75  ,-39.41
471143  ,25.75  ,-39.83
471395  ,26.00  ,-40.25
471646  ,25.75  ,-40.67
471898  ,25.75  ,-41.07
472150  ,25.50  ,-41.47
472400  ,25.50  ,-41.87
472652  ,26.50  ,-42.26
472903  ,26.50  ,-42.62
473155  ,26.50  ,-43.01
473406  ,26.75  ,-43.41
473658  ,26.50  ,-43.82
473910  ,26.25  ,-44.23
474161  ,26.50  ,-44.62
474413  ,26.50  ,-45.03
474664  ,26.00  ,-45.42
474915  ,26.50  ,-45.80
475167  ,26.50  ,-46.17
475421  ,26.50  ,-46.53
475673  ,26.25  ,-46.87
475924  ,26.50  ,-47.21
476176  ,26.50  ,-47.53
476427  ,26.50  ,-47.84
476679  ,26.75  ,-48.15
476931  ,26.50  ,-48.47
477181  ,26.75  ,-48.78
477433  ,26.50  ,-49.08
477684  ,26.00  ,-49.35
477936  ,26.25  ,-49.60
478188  ,26.25  ,-49.86
478439  ,26.75  ,-50.12
478691  ,26.75  ,-50.37
478942  ,27.00  ,-50.62
479194  ,26.75  ,-50.88
479444  ,26.75  ,-51.12
479698  ,26.75  ,-51.37
479949  ,26.75  ,-51.61
480201  ,26.75  ,-51.87
480452  ,27.00  ,-52.11
480707  ,26.50  ,-52.36
480959  ,27.00  ,-52.59
481210  ,26.75  ,-52.84
481462  ,27.00  ,-53.08
481713  ,27.00  ,-53.32
481965  ,27.00  ,-53.55
482215  ,26.50  ,-53.78
482467  ,27.00  ,-54.02
482719  ,27.00  ,-54.26
482970  ,27.25  ,-54.51
483222  ,27.25  ,-54.76
483473  ,27.00  ,-55.01
483725  ,27.25  ,-55.25
483977  ,27.25  ,-55.48
484228  ,27.00  ,-55.72
484480  ,27.50  ,-55.97
484730  ,27.25  ,-56.20
484982  ,27.25  ,-56.45
485234  ,27.25  ,-56.68
485485  ,27.50  ,-56.91
485740  ,27.25  ,-57.13
485991  ,27.50  ,-57.39
486243  ,26.75  ,-57.62
486494  ,27.25  ,-57.85
486746  ,27.50  ,-58.09
486998  ,27.25  ,-58.31
487248  ,27.50  ,-58.53
487500  ,27.00  ,-58.73
487751  ,27.50  ,-58.95
488003  ,27.50  ,-59.17
488254  ,27.00  ,-59.40
488506  ,27.25  ,-59.63
488758  ,28.00  ,-59.86
489009  ,27.75  ,-60.08
489261  ,27.75  ,-60.31
489512  ,28.00  ,-60.54
489763  ,28.00  ,-60.78
490015  ,27.50  ,-61.03
490266  ,28.00  ,-61.27
490518  ,28.00  ,-61.51
490769  ,28.00  ,-61.74
491024  ,27.50  ,-61.97
491275  ,28.25  ,-62.19
491527  ,28.00  ,-62.44
491779  ,28.25  ,-62.68
492029  ,28.25  ,-62.92
492281  ,28.25  ,-63.16
492532  ,27.75  ,-63.39
492784  ,28.00  ,-63.64
493036  ,28.25  ,-63.88
493287  ,28.00  ,-64.13
493539  ,28.50  ,-64.38
493790  ,28.00  ,-64.62
494042  ,28.50  ,-64.85
494294  ,28.00  ,-65.10
494544  ,28.00  ,-65.32
494796  ,28.75  ,-65.55
495047  ,28.50  ,-65.79
495299  ,28.75  ,-66.03
495551  ,28.75  ,-66.27
495802  ,28.00  ,-66.50
496056  ,28.75  ,-66.75
496308  ,28.50  ,-66.99
496560  ,28.50  ,-67.23
496811  ,28.75  ,-67.46
497062  ,28.50  ,-67.71
497313  ,28.75  ,-67.93
497565  ,29.00  ,-68.15
497817  ,29.00  ,-68.37
498068  ,28.50  ,-68.58
498320  ,29.00  ,-68.78
498571  ,29.00  ,-69.02
498823  ,29.00  ,-69.23
499075  ,29.25  ,-69.45
499325  ,29.25  ,-69.66
499577  ,29.75  ,-69.86
499828  ,28.75  ,-70.08
500080  ,29.00  ,-70.28
500332  ,29.25  ,-70.50
500583  ,29.50  ,-70.70
500835  ,29.50  ,-70.91
501086  ,29.00  ,-71.12
501341  ,29.25  ,-71.34
501592  ,29.25  ,-71.56
501842  ,29.00  ,-71.78
502094  ,30.00  ,-71.99
502345  ,29.50  ,-72.20
502597  ,30.00  ,-72.40
502848  ,30.00  ,-72.60
503100  ,30.00  ,-72.81
503351  ,29.75  ,-73.02
503603  ,30.00  ,-73.25
503854  ,30.25  ,-73.47
504105  ,30.00  ,-73.68
504356  ,30.25  ,-73.88
504607  ,29.50  ,-74.09
504859  ,30.25  ,-74.29
505110  ,30.00  ,-74.51
505362  ,30.50  ,-74.70
505613  ,30.50  ,-74.90
505864  ,30.50  ,-75.11
506116  ,30.00  ,-75.34
506370  ,30.25  ,-75.57
506620  ,30.50  ,-75.78
506872  ,30.00  ,-76.00
507123  ,30.25  ,-76.23
507375  ,30.50  ,-76.45
507626  ,31.00  ,-76.67
507878  ,30.50  ,-76.87
508129  ,30.75  ,-77.10
508380  ,30.75  ,-77.33
508632  ,31.00  ,-77.54
508882  ,31.00  ,-77.76
509134  ,30.50  ,-77.97
509385  ,31.00  ,-78.20
509637  ,31.00  ,-78.44
509888  ,30.75  ,-78.65
510140  ,31.00  ,-78.86
510391  ,31.25  ,-79.08
510644  ,31.25  ,-79.32
510895  ,31.00  ,-79.55
511147  ,31.00  ,-79.77
511397  ,31.00  ,-79.99
511652  ,31.50  ,-80.22
511903  ,31.50  ,-80.45
512155  ,31.75  ,-80.67
512406  ,31.50  ,-80.90
512658  ,31.75  ,-81.13
512910  ,31.75  ,-81.36
513161  ,31.75  ,-81.59
513413  ,31.25  ,-81.82
513664  ,31.75  ,-82.04
513915  ,31.50  ,-82.27
514167  ,31.50  ,-82.48
514418  ,32.00  ,-82.72
514670  ,32.00  ,-82.93
514921  ,32.00  ,-83.14
515173  ,32.00  ,-83.37
515424  ,31.75  ,-83.60
515676  ,32.25  ,-83.82
515928  ,32.25  ,-84.05
516178  ,32.25  ,-84.26
516430  ,32.25  ,-84.49
516684  ,32.25  ,-84.72
516936  ,32.50  ,-84.93
517187  ,32.00  ,-85.16
517439  ,32.00  ,-85.38
517691  ,32.00  ,-85.61
517942  ,32.50  ,-85.85
518194  ,32.50  ,-86.09
518445  ,32.75  ,-86.32
518696  ,32.75  ,-86.56
518948  ,32.75  ,-86.80
519199  ,33.00  ,-87.04
519451  ,32.50  ,-87.24
519702  ,32.75  ,-87.45
519954  ,33.00  ,-87.68
520206  ,33.25  ,-87.91
520457  ,32.50  ,-88.13
520709  ,33.00  ,-88.36
520960  ,33.25  ,-88.59
521211  ,33.25  ,-88.84
521462  ,32.75  ,-89.07
521714  ,33.25  ,-89.28
521968  ,33.50  ,-89.51
522220  ,32.75  ,-89.71
522472  ,32.75  ,-89.93
522723  ,33.50  ,-90.14
522975  ,33.25  ,-90.37
523226  ,33.50  ,-90.60
523478  ,33.50  ,-90.84
523729  ,33.75  ,-91.07
523980  ,33.00  ,-91.29
524232  ,33.50  ,-91.49
524483  ,33.75  ,-91.70
524735  ,33.25  ,-91.92
524987  ,34.00  ,-92.14
525238  ,33.75  ,-92.36
525490  ,33.75  ,-92.59
525741  ,33.25  ,-92.81
525992  ,33.50  ,-93.03
526243  ,33.50  ,-93.26
526495  ,34.00  ,-93.48
526747  ,34.25  ,-93.71
527001  ,33.50  ,-93.92
527253  ,33.75  ,-94.13
527504  ,34.00  ,-94.35
527756  ,34.00  ,-94.57
528007  ,34.25  ,-94.79
528259  ,34.25  ,-95.03
528509  ,33.75  ,-95.27
528761  ,34.50  ,-95.49
529013  ,34.50  ,-95.72
529264  ,34.75  ,-95.93
529516  ,34.50  ,-96.14
529768  ,34.50  ,-96.36
530019  ,34.75  ,-96.59
530271  ,34.75  ,-96.81
530522  ,34.75  ,-97.03
530774  ,34.50  ,-97.25
531025  ,34.75  ,-97.48
531276  ,35.00  ,-97.70
531528  ,34.75  ,-97.91
531779  ,35.00  ,-98.13
532031  ,34.75  ,-98.35
532285  ,34.50  ,-98.56
532537  ,35.00  ,-98.78
532788  ,34.75  ,-99.00
533040  ,35.25  ,-99.19
533292  ,35.25  ,-99.39
533542  ,34.75  ,-99.60
533794  ,35.50  ,-99.80
534045  ,35.25  ,-99.99
534297  ,35.25  ,-100.19
534549  ,35.25  ,-100.40
534800  ,35.50  ,-100.61
535052  ,35.50  ,-100.81
535303  ,35.50  ,-101.02
535555  ,35.25  ,-101.24
535806  ,35.00  ,-101.46
536057  ,35.50  ,-101.69
536309  ,35.75  ,-101.92
536560  ,35.75  ,-102.13
536812  ,35.75  ,-102.35
537063  ,35.75  ,-102.58
537318  ,35.75  ,-102.81
537570  ,35.75  ,-103.05
537821  ,35.75  ,-103.28
538073  ,36.00  ,-103.52
538323  ,36.00  ,-103.76
538575  ,35.50  ,-104.00
538826  ,36.00  ,-104.22
539078  ,36.00  ,-104.45
539330  ,35.75  ,-104.69
539581  ,35.75  ,-104.93
539833  ,36.00  ,-105.16
540084  ,35.75  ,-105.40
540336  ,35.75  ,-105.67
540588  ,36.25  ,-105.95
540838  ,36.25  ,-106.21
541090  ,36.25  ,-106.47
541343  ,36.00  ,-106.70
541595  ,36.50  ,-106.94
541847  ,36.25  ,-107.17
542101  ,36.50  ,-107.42
542352  ,36.50  ,-107.67
542604  ,36.50  ,-107.91
542855  ,36.00  ,-108.14
543107  ,36.25  ,-108.34
543357  ,36.75  ,-108.56
543609  ,36.25  ,-108.79
543860  ,36.75  ,-109.02
544111  ,36.50  ,-109.23
544363  ,37.00  ,-109.43
544614  ,37.00  ,-109.62
544866  ,37.25  ,-109.85
545117  ,36.75  ,-110.09
545369  ,37.00  ,-110.35
545619  ,37.00  ,-110.63
545871  ,37.25  ,-110.90
546122  ,36.75  ,-111.16
546374  ,37.00  ,-111.43
546625  ,36.75  ,-111.70
546876  ,36.75  ,-111.99
547130  ,36.50  ,-112.28
547382  ,36.75  ,-112.56
547633  ,37.25  ,-112.83
547885  ,36.75  ,-113.11
548135  ,37.00  ,-113.39
548387  ,37.25  ,-113.65
548638  ,37.25  ,-113.92
548889  ,37.75  ,-114.16
549141  ,37.00  ,-114.39
549392  ,37.25  ,-114.62
549644  ,37.50  ,-114.83
549895  ,37.50  ,-115.06
550147  ,37.00  ,-115.28
550397  ,37.50  ,-115.51
550649  ,37.50  ,-115.73
550900  ,37.75  ,-115.96
551151  ,37.75  ,-116.19
551403  ,37.75  ,-116.44
551654  ,37.50  ,-116.69
551906  ,37.50  ,-116.93
552160  ,38.00  ,-117.21
552412  ,37.00  ,-117.49
552663  ,37.50  ,-117.79
552914  ,37.75  ,-118.09
553165  ,37.25  ,-118.40
553417  ,37.75  ,-118.73
553669  ,37.75  ,-119.06
553920  ,37.75  ,-119.39
554172  ,37.75  ,-119.73
554423  ,37.50  ,-120.07
554675  ,38.00  ,-120.46
554927  ,38.00  ,-120.83
555177  ,37.75  ,-121.22
555429  ,38.25  ,-121.64
555680  ,37.75  ,-122.07
555932  ,37.25  ,-122.50
556184  ,38.00  ,-122.95
556435  ,38.25  ,-123.41
556687  ,38.00  ,-123.88
556941  ,37.75  ,-124.36
557193  ,37.75  ,-124.84
557444  ,37.75  ,-125.34
557696  ,37.75  ,-125.85
557946  ,37.75  ,-126.36
558198  ,38.25  ,-126.90
558450  ,37.75  ,-127.43
558701  ,38.00  ,-127.96
558953  ,38.25  ,-128.49
559205  ,38.25  ,-129.02
559456  ,37.75  ,-129.56
559708  ,38.00  ,-130.08
559959  ,38.50  ,-130.61
560210  ,37.75  ,-131.13
560461  ,38.25  ,-131.67
560713  ,38.25  ,-132.18
560965  ,38.25  ,-132.71
561216  ,37.75  ,-133.23
561468  ,38.50  ,-133.77
561719  ,38.50  ,-134.30
561974  ,38.00  ,-134.84
562225  ,38.50  ,-135.36
562477  ,38.25  ,-135.91
562728  ,38.25  ,-136.45
562979  ,38.75  ,-137.02
563231  ,38.00  ,-137.56
563482  ,38.50  ,-138.11
563734  ,38.75  ,-138.67
563986  ,38.50  ,-139.23
564237  ,38.50  ,-139.77
564489  ,38.50  ,-140.33
564740  ,39.00  ,-140.88
564992  ,38.25  ,-141.45
565243  ,39.00  ,-142.02
565494  ,38.75  ,-142.54
565746  ,38.75  ,-143.09
565997  ,38.25  ,-143.63
566249  ,39.00  ,-144.20
566501  ,39.00  ,-144.75
566752  ,39.00  ,-145.30
567007  ,39.00  ,-145.82
567258  ,39.00  ,-146.34
567510  ,38.75  ,-146.87
567760  ,38.75  ,-147.39
568012  ,39.00  ,-147.93
568264  ,38.75  ,-148.45
568515  ,39.25  ,-148.96
568767  ,38.75  ,-149.49
569018  ,39.00  ,-150.01
569270  ,39.00  ,-150.52
569521  ,39.25  ,-151.05
569773  ,39.00  ,-151.57
570024  ,38.75  ,-152.09
570275  ,39.00  ,-152.61
570527  ,39.00  ,-153.14
570778  ,39.25  ,-153.63
571030  ,39.25  ,-154.14
571282  ,39.00  ,-154.67
571533  ,39.25  ,-155.18
571788  ,39.50  ,-155.69
572041  ,39.75  ,-156.20
572293  ,39.50  ,-156.72
572544  ,40.00  ,-157.25
572795  ,40.00  ,-157.77
573046  ,39.50  ,-158.27
573298  ,39.50  ,-158.78
573549  ,39.75  ,-159.28
573801  ,40.25  ,-159.84
574053  ,39.50  ,-160.37
574304  ,39.50  ,-160.90
574556  ,40.00  ,-161.41
574808  ,39.75  ,-161.98
575058  ,39.75  ,-162.56
575310  ,40.25  ,-163.16
575561  ,40.00  ,-163.74
575813  ,40.25  ,-164.35
576065  ,40.50  ,-165.02
576316  ,40.25  ,-165.69
576568  ,40.50  ,-166.33
576822  ,39.75  ,-166.92
577074  ,40.25  ,-167.55
577325  ,39.50  ,-168.17
577576  ,39.75  ,-168.85
577827  ,40.50  ,-169.51
578079  ,40.50  ,-170.20
578331  ,40.50  ,-170.86
578582  ,40.00  ,-171.50
578834  ,40.00  ,-172.09
579085  ,40.75  ,-172.67
579337  ,40.75  ,-173.23
579588  ,40.50  ,-173.77
579588  ,40.75  ,-173.77
580090  ,41.00  ,-174.27
580342  ,40.75  ,-174.75
580593  ,41.00  ,-175.22
580845  ,41.50  ,-175.71
581097  ,40.75  ,-176.23
581348  ,41.00  ,-176.74
581600  ,41.50  ,-177.29
581854  ,41.25  ,-177.76
582105  ,41.00  ,-178.23
582356  ,41.50  ,-178.69
582607  ,41.00  ,-179.15
582859  ,41.25  ,-179.68
583110  ,41.00  ,-180.19
583362  ,41.50  ,-180.74
583613  ,40.75  ,-181.31
583864  ,40.75  ,-181.88
584116  ,41.00  ,-182.44
584367  ,41.25  ,-182.94
584619  ,40.75  ,-183.46
584869  ,41.00  ,-183.95
585121  ,41.25  ,-184.48
585372  ,41.50  ,-184.99
585624  ,42.00  ,-185.47
585875  ,41.25  ,-185.94
586126  ,41.25  ,-186.39
586378  ,41.25  ,-186.87
586629  ,41.50  ,-187.36
586883  ,41.50  ,-187.85
587134  ,41.50  ,-188.39
587385  ,41.50  ,-188.93
587637  ,41.50  ,-189.39
587888  ,41.75  ,-189.88
588140  ,41.25  ,-190.40
588391  ,41.50  ,-190.97
588643  ,42.00  ,-191.50
588894  ,41.75  ,-192.07
589145  ,41.50  ,-192.63
589396  ,41.75  ,-193.18
589647  ,41.75  ,-193.76
589899  ,41.50  ,-194.34
590150  ,42.00  ,-194.94
590402  ,41.75  ,-195.52
590653  ,42.00  ,-196.10
590904  ,42.25  ,-196.65
591156  ,41.75  ,-197.16
591407  ,42.50  ,-197.68
591662  ,41.75  ,-198.23
591912  ,42.50  ,-198.79
592164  ,42.50  ,-199.33
592415  ,42.50  ,-199.88
592667  ,42.25  ,-200.44
592919  ,42.50  ,-200.97
593170  ,42.00  ,-201.53
593422  ,41.75  ,-202.07
593673  ,42.50  ,-202.61
593925  ,42.50  ,-203.17
594177  ,42.50  ,-203.72
594427  ,42.25  ,-204.26
594679  ,42.75  ,-204.79
594930  ,42.50  ,-205.32
595182  ,42.75  ,-205.87
595434  ,42.50  ,-206.46
595685  ,43.00  ,-207.01
595937  ,42.75  ,-207.57
596188  ,42.25  ,-208.13
596440  ,43.00  ,-208.67
596694  ,43.00  ,-209.24
596945  ,42.50  ,-209.79
597196  ,42.50  ,-210.35
597448  ,43.00  ,-210.93
597700  ,43.00  ,-211.49
597951  ,43.00  ,-212.03
598203  ,42.50  ,-212.57
598454  ,42.50  ,-213.14
598706  ,43.00  ,-213.68
598958  ,43.25  ,-214.26
599208  ,43.50  ,-214.84
599460  ,43.50  ,-215.42
599711  ,43.00  ,-216.01
599963  ,43.75  ,-216.62
600214  ,43.50  ,-217.22
600466  ,42.75  ,-217.86
600718  ,43.75  ,-218.50
600969  ,43.75  ,-219.15
601221  ,43.75  ,-219.81
601473  ,44.50  ,-220.48
601726  ,44.00  ,-221.18
601977  ,44.00  ,-221.92
602229  ,44.25  ,-222.69
602481  ,44.25  ,-223.47
602734  ,44.00  ,-224.26
602985  ,44.25  ,-225.03
603237  ,44.50  ,-225.80
603489  ,44.00  ,-226.59
603740  ,44.50  ,-227.40
603992  ,44.25  ,-228.18
604243  ,44.75  ,-228.99
604494  ,44.75  ,-229.81
604746  ,44.75  ,-230.63
604997  ,44.00  ,-231.44
605249  ,44.75  ,-232.23
605500  ,44.75  ,-233.05
605752  ,44.75  ,-233.87
606004  ,44.00  ,-234.70
606255  ,44.00  ,-235.48
606510  ,44.25  ,-236.26
606760  ,44.25  ,-237.09
607012  ,44.50  ,-237.92
607263  ,44.25  ,-238.74
607515  ,44.25  ,-239.53
607767  ,44.50  ,-240.34
608018  ,44.50  ,-241.18
608270  ,44.50  ,-242.01
608521  ,44.50  ,-242.86
608773  ,44.50  ,-243.67
609024  ,44.75  ,-244.52
609275  ,44.25  ,-245.38
609527  ,44.50  ,-246.23
609778  ,44.75  ,-247.09
610030  ,44.00  ,-247.97
610282  ,44.75  ,-248.81
610533  ,44.75  ,-249.70
610785  ,45.00  ,-250.57
611036  ,45.00  ,-251.42
611288  ,44.75  ,-252.28
611542  ,45.00  ,-253.14
611793  ,45.25  ,-253.98
612045  ,45.00  ,-254.83
612296  ,44.75  ,-255.70
612548  ,45.00  ,-256.50
612799  ,45.50  ,-257.32
612799  ,45.25  ,-257.32
613302  ,45.25  ,-258.16
613554  ,45.50  ,-259.02
613805  ,45.25  ,-259.88
614056  ,45.00  ,-260.77
614307  ,45.50  ,-261.62
614559  ,46.00  ,-262.52
614810  ,45.50  ,-263.40
615062  ,45.75  ,-264.27
615314  ,45.50  ,-265.18
615565  ,45.25  ,-266.11
615817  ,45.75  ,-267.03
616069  ,45.50  ,-267.93
616320  ,45.75  ,-268.82
616573  ,46.00  ,-269.72
616825  ,45.75  ,-270.60
617077  ,46.25  ,-271.49
617328  ,46.25  ,-272.40
617580  ,46.00  ,-273.28
617831  ,46.50  ,-274.14
618083  ,46.00  ,-274.95
618335  ,46.50  ,-275.79
618586  ,46.25  ,-276.66
618838  ,46.25  ,-277.53
619088  ,46.50  ,-278.43
619340  ,46.75  ,-279.31
619592  ,46.75  ,-280.22
619843  ,46.75  ,-281.17
620095  ,46.50  ,-282.17
620346  ,46.50  ,-283.17
620598  ,46.75  ,-284.16
620849  ,47.00  ,-285.15
621101  ,47.25  ,-286.15
621355  ,46.75  ,-287.10
621606  ,47.00  ,-288.05
621857  ,47.00  ,-288.98
622109  ,47.25  ,-289.91
622360  ,47.25  ,-290.89
622612  ,47.25  ,-291.77
622863  ,47.50  ,-292.62
623115  ,47.50  ,-293.45
623366  ,47.50  ,-294.34
623617  ,46.75  ,-295.16
623868  ,48.00  ,-295.93
624119  ,47.75  ,-296.74
624371  ,48.00  ,-297.46
624622  ,47.75  ,-298.28
624874  ,47.75  ,-299.12
625125  ,48.25  ,-299.95
625377  ,48.00  ,-300.79
625628  ,48.25  ,-301.64
625880  ,48.00  ,-302.56
626130  ,48.00  ,-303.53
626384  ,48.25  ,-304.43
626635  ,48.50  ,-305.37
626887  ,48.75  ,-306.32
627138  ,48.50  ,-307.28
627390  ,48.25  ,-308.19
627641  ,48.75  ,-309.11
627893  ,48.50  ,-310.02
628144  ,48.50  ,-310.89
628395  ,48.75  ,-311.82
628646  ,48.25  ,-312.63
628897  ,49.00  ,-313.45
629149  ,48.75  ,-314.37
629400  ,49.25  ,-315.29
629652  ,48.75  ,-316.23
629903  ,49.25  ,-317.11
630155  ,49.25  ,-317.97
630406  ,48.75  ,-318.87
630657  ,49.25  ,-319.78
630908  ,49.00  ,-320.73
631159  ,49.75  ,-321.64
631413  ,49.25  ,-322.52
631665  ,49.00  ,-323.38
631917  ,49.25  ,-324.29
632168  ,49.75  ,-325.16
632420  ,49.75  ,-326.09
632672  ,49.50  ,-326.96
632923  ,49.75  ,-327.84
633175  ,49.50  ,-328.69
633425  ,49.50  ,-329.48
633679  ,49.50  ,-330.25
633930  ,50.25  ,-331.12
634182  ,50.00  ,-331.94
634433  ,50.00  ,-332.76
634685  ,50.00  ,-333.54
634937  ,50.00  ,-334.28
635188  ,50.00  ,-335.07
635440  ,50.00  ,-335.91
635691  ,49.75  ,-336.80
635942  ,50.00  ,-337.62
636196  ,50.00  ,-338.44
636448  ,50.50  ,-339.24
636699  ,50.50  ,-340.07
636951  ,51.25  ,-341.00
637203  ,50.50  ,-341.91
637454  ,50.50  ,-342.87
637706  ,51.00  ,-343.80
637957  ,51.00  ,-344.63
638209  ,51.00  ,-345.51
638459  ,50.75  ,-346.39
638711  ,51.00  ,-347.31
638963  ,51.00  ,-348.22
639214  ,51.25  ,-349.14
639466  ,52.00  ,-350.01
639718  ,51.50  ,-350.91
639969  ,51.75  ,-351.84
640221  ,51.00  ,-352.81
640472  ,51.25  ,-353.76
640723  ,51.75  ,-354.68
640974  ,51.25  ,-355.55
641229  ,51.00  ,-356.42
641497  ,51.25  ,-357.31
641750  ,50.75  ,-358.18
642001  ,51.75  ,-359.05
642252  ,51.50  ,-359.86
642504  ,52.00  ,-360.78
642755  ,51.75  ,-361.68
643007  ,52.00  ,-362.62
643258  ,51.75  ,-363.53
643510  ,51.50  ,-364.46
643762  ,52.25  ,-365.38
644013  ,52.00  ,-366.27
644264  ,52.00  ,-367.16
644515  ,52.00  ,-368.00
644767  ,52.25  ,-368.85
645018  ,51.75  ,-369.72
645270  ,52.25  ,-370.58
645521  ,52.25  ,-371.38
645773  ,52.75  ,-372.28
646025  ,52.50  ,-373.24
646279  ,52.75  ,-374.23
646530  ,52.50  ,-375.06
646781  ,52.75  ,-375.87
647033  ,52.50  ,-376.64
647284  ,52.50  ,-377.47
647536  ,52.50  ,-378.36
647787  ,53.00  ,-379.20
648039  ,52.50  ,-380.07
648290  ,53.00  ,-380.95
648542  ,51.75  ,-381.87
648794  ,52.75  ,-382.86
649044  ,53.00  ,-383.78
649296  ,53.25  ,-384.65
649547  ,52.75  ,-385.56
649799  ,52.75  ,-386.50
650050  ,53.75  ,-387.19
650302  ,53.00  ,-388.03
650553  ,53.00  ,-388.87
650805  ,52.50  ,-389.79
651057  ,53.50  ,-390.78
651311  ,53.00  ,-391.62
651561  ,53.25  ,-392.41
651813  ,53.25  ,-393.19
652065  ,53.25  ,-394.15
652316  ,53.00  ,-395.08
652568  ,53.75  ,-395.99
652819  ,53.50  ,-396.70
653071  ,53.50  ,-397.51
653322  ,53.50  ,-398.33
653574  ,53.75  ,-399.07
653826  ,53.50  ,-399.80
654076  ,53.75  ,-400.63
654328  ,53.50  ,-401.52
654579  ,53.50  ,-402.41
654831  ,53.75  ,-403.35
655082  ,53.50  ,-404.17
655334  ,53.50  ,-405.06
655585  ,54.00  ,-405.92
655837  ,53.50  ,-406.85
656091  ,54.00  ,-407.36
656343  ,54.00  ,-408.15
656593  ,53.75  ,-408.87
656845  ,54.00  ,-409.67
657097  ,53.75  ,-410.68
657348  ,53.75  ,-411.64
657600  ,54.25  ,-412.62
657851  ,54.50  ,-413.70
658103  ,54.00  ,-414.61
658354  ,54.00  ,-415.42
658606  ,54.00  ,-416.26
658856  ,54.25  ,-417.09
659108  ,54.25  ,-417.89
659360  ,54.25  ,-418.55
659611  ,54.25  ,-419.45
659863  ,54.00  ,-420.33
660114  ,54.50  ,-421.36
660366  ,54.25  ,-422.40
660617  ,54.00  ,-423.42
660869  ,54.50  ,-424.47
661123  ,54.50  ,-425.52
661374  ,54.25  ,-426.59
661625  ,54.75  ,-427.80
661876  ,54.50  ,-429.05
662128  ,54.00  ,-430.26
662379  ,54.00  ,-431.40
662631  ,54.75  ,-432.65
662882  ,54.50  ,-433.91
663133  ,54.25  ,-435.06
663385  ,54.50  ,-436.28
663635  ,54.50  ,-437.57
663887  ,54.50  ,-438.81
664138  ,54.50  ,-440.05
664389  ,54.25  ,-441.33
664641  ,54.75  ,-442.68
664892  ,54.75  ,-444.04
665144  ,54.75  ,-445.32
665395  ,54.75  ,-446.62
665647  ,54.00  ,-447.80
665897  ,54.50  ,-449.06
666160  ,54.25  ,-450.25
666411  ,55.00  ,-451.62
666662  ,55.00  ,-453.04
666913  ,54.50  ,-454.44
667164  ,54.50  ,-455.79
667416  ,55.00  ,-457.22
667667  ,54.75  ,-458.76
667919  ,54.50  ,-460.27
668170  ,54.75  ,-461.71
668421  ,54.50  ,-463.04
668673  ,54.50  ,-464.39
668923  ,55.00  ,-465.65
669175  ,55.00  ,-466.92
669426  ,55.50  ,-468.16
669678  ,54.75  ,-469.47
669929  ,55.00  ,-470.73
670180  ,55.25  ,-471.98
670432  ,55.25  ,-473.23
670683  ,54.75  ,-474.50
670937  ,55.25  ,-475.77
671188  ,55.25  ,-477.06
671440  ,55.50  ,-478.42
671691  ,55.25  ,-479.61
671945  ,55.50  ,-480.82
672196  ,55.50  ,-482.16
672448  ,55.25  ,-483.44
672700  ,55.25  ,-484.69
672951  ,55.75  ,-485.99
673203  ,55.25  ,-487.25
673454  ,55.75  ,-488.63
673705  ,55.25  ,-489.99
673957  ,55.25  ,-491.33
674208  ,55.75  ,-492.66
674460  ,55.25  ,-493.95
674711  ,56.00  ,-495.25
674963  ,56.00  ,-496.64
675214  ,56.00  ,-497.94
675466  ,56.00  ,-499.24
675718  ,56.25  ,-500.65
675972  ,56.25  ,-501.99
676224  ,56.00  ,-503.29
676474  ,56.50  ,-504.68
676726  ,56.25  ,-506.07
676977  ,56.75  ,-507.34
677229  ,56.75  ,-508.69
677480  ,56.75  ,-509.94
677732  ,56.75  ,-511.21
677984  ,56.25  ,-512.43
678235  ,56.50  ,-513.68
678487  ,57.00  ,-514.98
678737  ,56.75  ,-516.21
678989  ,56.50  ,-517.42
679241  ,57.25  ,-518.67
679492  ,57.25  ,-519.88
679744  ,57.00  ,-521.03
679995  ,56.75  ,-522.19
680247  ,57.25  ,-523.36
680498  ,57.00  ,-524.52
680750  ,57.25  ,-525.72
681004  ,57.25  ,-526.94
681255  ,57.25  ,-528.09
681507  ,57.25  ,-529.29
681758  ,57.50  ,-530.39
682010  ,57.75  ,-531.56
682261  ,57.75  ,-532.71
682513  ,58.00  ,-533.81
682765  ,58.00  ,-534.94
683016  ,58.00  ,-536.01
683268  ,58.00  ,-537.07
683518  ,58.00  ,-538.10
683770  ,57.75  ,-539.13
684021  ,58.25  ,-540.18
684273  ,58.00  ,-541.21
684525  ,58.25  ,-542.19
684776  ,58.25  ,-543.12
685028  ,58.25  ,-544.09
685279  ,58.00  ,-545.10
685531  ,58.25  ,-546.06
685785  ,58.50  ,-547.09
686036  ,58.25  ,-548.04
686288  ,58.50  ,-548.99
686539  ,58.25  ,-549.93
686791  ,58.50  ,-550.90
687042  ,58.75  ,-551.91
687294  ,59.00  ,-552.93
687546  ,58.50  ,-553.96
687797  ,59.00  ,-554.97
688049  ,58.75  ,-555.95
688300  ,58.75  ,-556.86
688551  ,59.25  ,-557.78
688802  ,59.00  ,-558.71
689054  ,59.25  ,-559.64
689306  ,59.25  ,-560.55
689558  ,59.50  ,-561.46
689809  ,59.25  ,-562.34
690061  ,59.50  ,-563.23
690312  ,59.00  ,-564.10
690564  ,59.50  ,-565.03
690818  ,59.50  ,-565.92
691069  ,59.25  ,-566.75
691321  ,59.75  ,-567.59
691572  ,59.50  ,-568.41
691824  ,59.00  ,-569.22
692076  ,59.75  ,-570.04
692327  ,59.75  ,-570.91
692579  ,59.75  ,-571.77
692831  ,59.50  ,-572.61
693082  ,59.75  ,-573.43
693334  ,60.00  ,-574.23
693584  ,59.75  ,-575.02
693836  ,60.25  ,-575.79
694088  ,60.00  ,-576.60
694339  ,60.00  ,-577.39
694591  ,60.00  ,-578.13
694843  ,59.75  ,-578.91
695094  ,60.25  ,-579.70
695346  ,60.00  ,-580.48
695597  ,60.00  ,-581.20
695852  ,60.25  ,-581.99
696102  ,60.25  ,-582.78
696102  ,59.75  ,-582.78
696605  ,60.50  ,-583.55
696857  ,60.25  ,-584.35
697108  ,60.50  ,-585.17
697360  ,60.50  ,-585.98
697612  ,60.75  ,-586.81
697863  ,60.00  ,-587.61
698115  ,60.50  ,-588.41
698366  ,60.50  ,-589.17
698617  ,60.00  ,-589.97
698869  ,60.75  ,-590.78
699120  ,60.75  ,-591.52
699372  ,61.00  ,-592.26
699624  ,60.25  ,-593.02
699875  ,61.00  ,-593.82
700127  ,60.75  ,-594.54
700379  ,61.00  ,-595.24
700633  ,60.25  ,-595.93
700883  ,60.75  ,-596.55
701135  ,60.75  ,-597.14
701386  ,60.75  ,-597.68
701638  ,60.75  ,-598.21
701889  ,60.75  ,-598.74
702141  ,61.25  ,-599.26
702392  ,60.50  ,-599.74
702645  ,61.25  ,-600.20
702897  ,61.25  ,-600.62
703148  ,61.00  ,-601.02
703399  ,61.25  ,-601.40
703650  ,61.25  ,-601.73
703902  ,60.50  ,-602.03
704153  ,61.25  ,-602.32
704405  ,61.00  ,-602.61
704656  ,61.00  ,-602.87
704908  ,61.00  ,-603.13
705159  ,61.25  ,-603.38
705411  ,61.00  ,-603.66
705665  ,61.25  ,-603.91
705915  ,61.25  ,-604.16
706167  ,61.25  ,-604.38
706418  ,61.50  ,-604.60
706669  ,61.25  ,-604.79
706921  ,61.25  ,-604.96
707173  ,61.00  ,-605.13
707424  ,61.25  ,-605.29
707675  ,61.50  ,-605.42
707927  ,61.00  ,-605.50
708177  ,61.00  ,-605.56
708429  ,61.00  ,-605.63
708680  ,61.25  ,-605.71
708932  ,61.25  ,-605.79
709183  ,61.25  ,-605.85
709435  ,61.25  ,-605.90
709686  ,61.50  ,-605.94
709938  ,61.25  ,-605.97
710189  ,61.00  ,-605.96
710440  ,61.25  ,-605.95
710694  ,61.25  ,-605.98
710946  ,61.75  ,-606.00
711197  ,61.50  ,-605.95
711449  ,61.25  ,-605.93
711700  ,61.25  ,-605.91
711952  ,61.50  ,-605.85
712204  ,61.50  ,-605.87
712455  ,61.50  ,-605.90
712707  ,61.50  ,-605.92
712957  ,61.50  ,-605.92
713209  ,61.50  ,-605.91
713461  ,61.75  ,-605.93
713712  ,61.75  ,-605.93
713964  ,61.00  ,-605.92
714216  ,61.50  ,-605.91
714467  ,61.50  ,-605.91
714719  ,61.25  ,-605.91
714970  ,61.50  ,-605.92
715222  ,61.50  ,-605.88
715473  ,61.00  ,-605.87
715727  ,61.50  ,-605.90
715979  ,61.75  ,-605.93
716230  ,61.50  ,-605.95
716482  ,61.00  ,-605.99
716733  ,61.50  ,-605.98
716985  ,61.00  ,-605.97
717237  ,61.00  ,-605.97
717488  ,61.50  ,-606.00
717740  ,61.50  ,-606.02
717991  ,61.75  ,-606.01
718242  ,61.50  ,-606.02
718494  ,61.00  ,-606.01
718745  ,61.50  ,-606.00
718997  ,61.25  ,-606.00
719249  ,61.25  ,-605.99
719500  ,61.50  ,-605.99
719752  ,60.75  ,-605.99
720004  ,61.25  ,-605.96
720254  ,61.00  ,-605.94
720508  ,61.25  ,-605.92
720760  ,61.25  ,-605.91
721012  ,61.25  ,-605.88
721263  ,61.00  ,-605.87
721515  ,61.00  ,-605.87
721767  ,61.00  ,-605.90
722018  ,61.00  ,-605.87
722270  ,61.25  ,-605.87
722521  ,61.25  ,-605.86
722772  ,61.25  ,-605.86
723024  ,61.25  ,-605.84
723275  ,61.25  ,-605.87
723527  ,61.00  ,-605.85
723779  ,60.75  ,-605.87
724030  ,60.75  ,-605.90
724282  ,61.50  ,-605.90
724533  ,60.25  ,-605.95
724785  ,61.00  ,-605.96
725037  ,61.50  ,-605.95
725287  ,61.00  ,-605.94
725542  ,60.75  ,-605.93
725793  ,61.25  ,-605.88
726045  ,61.00  ,-605.86
726296  ,61.25  ,-605.80
726548  ,60.75  ,-605.77
726800  ,61.00  ,-605.73
727051  ,61.00  ,-605.69
727303  ,61.00  ,-605.66
727555  ,60.75  ,-605.69
727805  ,60.75  ,-605.65
728057  ,60.50  ,-605.62
728308  ,61.00  ,-605.59
728560  ,60.75  ,-605.58
728812  ,61.00  ,-605.58
729063  ,60.50  ,-605.55
729315  ,60.25  ,-605.52
729567  ,60.75  ,-605.52
729818  ,60.75  ,-605.53
730070  ,60.75  ,-605.56
730320  ,60.50  ,-605.58
730575  ,60.50  ,-605.59
730826  ,60.75  ,-605.64
731078  ,61.00  ,-605.65
731330  ,60.50  ,-605.69
731581  ,60.75  ,-605.74
731833  ,60.50  ,-605.76
732085  ,60.75  ,-605.76
732336  ,60.75  ,-605.81
732588  ,60.25  ,-605.84
732838  ,60.75  ,-605.89
733090  ,60.75  ,-605.85
733342  ,60.75  ,-605.86
733595  ,60.00  ,-605.83
733847  ,60.00  ,-605.89
734098  ,60.75  ,-605.91
734350  ,60.50  ,-605.94
734601  ,60.25  ,-605.99
734853  ,60.50  ,-606.02
735105  ,60.00  ,-606.03
735358  ,59.75  ,-606.05
735610  ,60.25  ,-606.11
735861  ,60.00  ,-606.09
736113  ,60.50  ,-606.07
736364  ,60.25  ,-606.06
736616  ,60.00  ,-606.04
736868  ,59.75  ,-606.03
737119  ,60.50  ,-606.05
737371  ,60.00  ,-605.98
737623  ,60.00  ,-606.02
737873  ,59.75  ,-606.02
738125  ,60.25  ,-606.04
738376  ,59.75  ,-606.00
738628  ,59.50  ,-605.97
738880  ,60.25  ,-605.94
739131  ,60.25  ,-605.89
739383  ,59.75  ,-605.85
739635  ,60.25  ,-605.84
739886  ,60.00  ,-605.82
740137  ,59.75  ,-605.81
740391  ,59.50  ,-605.83
740643  ,59.75  ,-605.85
740894  ,60.00  ,-605.87
741145  ,59.50  ,-605.88
741397  ,59.50  ,-605.80
741648  ,60.25  ,-605.83
741900  ,59.75  ,-605.94
742151  ,59.75  ,-605.93
742403  ,59.50  ,-605.95
742653  ,59.75  ,-606.03
742905  ,59.75  ,-606.02
743156  ,59.50  ,-606.00
743408  ,59.75  ,-605.98
743659  ,59.50  ,-606.00
743911  ,59.75  ,-605.96
744162  ,59.50  ,-605.91
744414  ,59.75  ,-605.97
744665  ,59.50  ,-606.00
744916  ,59.50  ,-606.06
745167  ,59.25  ,-605.98
745421  ,59.50  ,-605.97
745673  ,59.00  ,-605.99
745924  ,59.25  ,-606.05
746175  ,59.50  ,-605.98
746427  ,58.50  ,-605.98
746678  ,59.25  ,-605.97
746930  ,59.50  ,-605.97
747181  ,59.25  ,-605.92
747432  ,58.75  ,-605.98
747683  ,58.75  ,-606.02
747935  ,58.75  ,-606.11
748186  ,59.25  ,-606.13
748438  ,59.25  ,-606.16
748689  ,58.75  ,-606.23
748941  ,58.75  ,-606.16
749192  ,59.00  ,-606.10
749444  ,59.25  ,-606.02
749694  ,58.50  ,-606.10
749945  ,58.75  ,-606.14
750200  ,58.75  ,-606.18
750451  ,59.00  ,-606.19
750703  ,58.75  ,-606.23
750955  ,58.50  ,-606.17
751206  ,58.50  ,-606.18
751458  ,58.50  ,-606.18
751709  ,58.50  ,-606.20
751961  ,58.25  ,-606.20
752212  ,58.25  ,-606.24
752463  ,58.50  ,-606.20
752715  ,58.00  ,-606.20
752966  ,58.50  ,-606.25
753218  ,58.25  ,-606.25
753470  ,58.00  ,-606.30
753721  ,58.00  ,-606.36
753973  ,57.75  ,-606.41
754225  ,58.25  ,-606.39
754476  ,58.00  ,-606.39
754727  ,58.25  ,-606.38
754978  ,57.25  ,-606.38
755233  ,58.00  ,-606.40
755485  ,58.00  ,-606.45
755736  ,58.00  ,-606.46
755988  ,57.75  ,-606.48
756239  ,57.75  ,-606.47
756491  ,57.75  ,-606.46
756743  ,57.75  ,-606.48
756994  ,57.75  ,-606.51
757245  ,57.50  ,-606.52
757496  ,57.25  ,-606.52
757748  ,57.50  ,-606.51
758000  ,57.50  ,-606.50
758251  ,57.75  ,-606.49
758503  ,57.50  ,-606.46
758755  ,57.50  ,-606.46
759006  ,57.50  ,-606.47
759258  ,57.50  ,-606.47
759508  ,57.25  ,-606.47
759760  ,57.75  ,-606.45
760012  ,57.75  ,-606.41
760266  ,57.75  ,-606.40
760518  ,57.50  ,-606.38
760769  ,57.00  ,-606.37
761021  ,57.00  ,-606.37
761273  ,57.25  ,-606.33
761524  ,57.50  ,-606.32
761776  ,57.50  ,-606.31
762027  ,57.00  ,-606.31
762278  ,57.00  ,-606.29
762530  ,57.50  ,-606.26
762781  ,57.00  ,-606.24
763033  ,57.50  ,-606.23
763285  ,57.25  ,-606.20
763536  ,57.25  ,-606.15
763788  ,57.25  ,-606.10
764039  ,57.50  ,-606.07
764293  ,57.25  ,-606.02
764544  ,57.50  ,-606.00
764795  ,57.00  ,-605.98
765049  ,57.25  ,-605.95
765301  ,57.25  ,-605.92
765552  ,57.25  ,-605.88
765804  ,57.00  ,-605.84
766056  ,57.25  ,-605.77
766307  ,57.25  ,-605.71
766559  ,56.75  ,-605.66
766810  ,56.75  ,-605.60
767062  ,57.00  ,-605.54
767313  ,57.00  ,-605.47
767564  ,56.75  ,-605.40
767816  ,56.50  ,-605.31
768068  ,57.00  ,-605.28
768319  ,57.00  ,-605.30
768571  ,56.75  ,-605.25
768822  ,56.25  ,-605.22
769074  ,57.25  ,-605.19
769326  ,56.75  ,-605.15
769576  ,56.50  ,-605.11
769828  ,56.75  ,-605.07
770082  ,56.75  ,-605.02
770334  ,56.75  ,-605.00
770586  ,57.00  ,-604.96
770837  ,56.75  ,-604.92
771089  ,56.50  ,-604.90
771340  ,56.75  ,-604.87
771592  ,56.25  ,-604.88
771844  ,56.50  ,-604.88
772094  ,57.25  ,-604.88
772346  ,56.75  ,-604.88
772598  ,56.25  ,-604.84
772849  ,56.00  ,-604.80
773101  ,56.50  ,-604.79
773352  ,56.50  ,-604.75
773604  ,56.50  ,-604.70
773856  ,56.50  ,-604.65
774107  ,55.75  ,-604.62
774359  ,56.25  ,-604.57
774610  ,56.25  ,-604.52
774861  ,56.50  ,-604.47
775116  ,56.00  ,-604.44
775367  ,56.25  ,-604.40
775619  ,56.50  ,-604.36
775870  ,56.25  ,-604.32
776122  ,56.25  ,-604.26
776374  ,55.75  ,-604.21
776625  ,56.25  ,-604.15
776877  ,56.00  ,-604.09
777127  ,56.00  ,-604.03
777379  ,56.25  ,-603.97
777631  ,56.00  ,-603.94
777882  ,56.00  ,-603.89
778134  ,56.00  ,-603.84
778386  ,55.75  ,-603.81
778637  ,56.00  ,-603.77
778889  ,56.00  ,-603.74
779140  ,56.00  ,-603.71
779392  ,55.75  ,-603.67
779643  ,56.00  ,-603.65
779894  ,55.25  ,-603.63
780148  ,56.00  ,-603.59
780400  ,55.75  ,-603.57
780652  ,55.50  ,-603.56
780903  ,55.75  ,-603.53
781154  ,55.75  ,-603.54
781406  ,55.50  ,-603.55
781657  ,55.75  ,-603.55
781908  ,55.25  ,-603.54
782159  ,55.75  ,-603.53
782411  ,55.50  ,-603.53
782662  ,55.50  ,-603.54
782914  ,55.75  ,-603.54
783165  ,55.50  ,-603.55
783417  ,55.75  ,-603.56
783668  ,55.75  ,-603.54
783920  ,55.50  ,-603.54
784171  ,55.75  ,-603.55
784421  ,55.00  ,-603.55
784673  ,55.00  ,-603.54
784927  ,55.50  ,-603.55
785179  ,55.50  ,-603.54
785430  ,55.50  ,-603.54
785682  ,55.25  ,-603.51
785933  ,55.00  ,-603.52
786184  ,55.50  ,-603.51
786436  ,55.50  ,-603.53
786686  ,55.00  ,-603.56
786938  ,55.00  ,-603.57
787189  ,55.25  ,-603.60
787441  ,54.75  ,-603.63
787692  ,54.75  ,-603.69
787944  ,55.50  ,-603.75
788195  ,55.00  ,-603.79
788446  ,55.50  ,-603.81
788698  ,55.00  ,-603.85
788948  ,55.50  ,-603.96
789200  ,55.25  ,-604.07
789451  ,55.25  ,-604.17
789703  ,55.00  ,-604.26
789957  ,54.75  ,-604.37
790209  ,55.25  ,-604.48
790460  ,54.25  ,-604.48
790712  ,55.00  ,-604.48
790964  ,54.75  ,-604.54
791215  ,54.50  ,-604.56
791467  ,54.75  ,-604.61
791717  ,54.75  ,-604.62
791969  ,54.50  ,-604.57
792221  ,54.50  ,-604.57
792472  ,54.75  ,-604.55
792724  ,54.50  ,-604.57
792976  ,54.25  ,-604.64
793227  ,54.50  ,-604.69
793479  ,54.25  ,-604.65
793730  ,54.25  ,-604.59
793981  ,53.75  ,-604.55
794233  ,54.25  ,-604.51
794484  ,54.50  ,-604.45
794736  ,54.25  ,-604.39
794992  ,54.25  ,-604.45
795244  ,54.75  ,-604.50
795496  ,54.50  ,-604.52
795747  ,54.25  ,-604.54
795999  ,54.25  ,-604.64
796251  ,54.50  ,-604.75
796502  ,54.75  ,-604.79
796753  ,54.50  ,-604.85
797004  ,54.50  ,-604.92
797256  ,54.25  ,-604.94
797508  ,54.50  ,-604.93
797759  ,54.25  ,-604.97
798011  ,54.25  ,-605.04
798262  ,53.75  ,-605.14
798514  ,53.75  ,-605.21
798766  ,54.25  ,-605.30
799016  ,54.25  ,-605.40
799268  ,54.25  ,-605.42
799520  ,53.75  ,-605.42
799774  ,53.75  ,-605.39
800026  ,54.25  ,-605.35
800277  ,54.25  ,-605.34
800529  ,54.25  ,-605.25
800781  ,54.00  ,-605.19
801032  ,54.00  ,-605.20
801284  ,53.50  ,-605.16
801534  ,53.75  ,-605.09
801786  ,54.00  ,-605.07
802038  ,53.75  ,-605.05
802289  ,54.25  ,-604.98
802541  ,54.00  ,-604.92
802793  ,53.50  ,-604.83
803044  ,53.50  ,-604.78
803296  ,53.75  ,-604.71
803548  ,53.25  ,-604.67
803799  ,53.75  ,-604.67
804050  ,53.50  ,-604.68
804301  ,53.25  ,-604.64
804553  ,53.75  ,-604.62
804807  ,53.75  ,-604.63
805059  ,53.00  ,-604.61
805311  ,53.50  ,-604.60
805562  ,53.25  ,-604.57
805814  ,53.50  ,-604.55
806065  ,53.25  ,-604.56
806317  ,53.00  ,-604.58
806568  ,53.50  ,-604.59
806819  ,53.00  ,-604.58
807071  ,53.75  ,-604.56
807323  ,53.50  ,-604.56
807574  ,53.50  ,-604.55
807826  ,53.25  ,-604.56
808077  ,53.50  ,-604.60
808329  ,53.50  ,-604.63
808581  ,53.25  ,-604.73
